date,event_type,location,kia,wia,economic_damage,summary,source_urls
"17 Sep 26","Targeted Killing","Khuzdar, Balochistan","1SF","0","","One police constable was killed in a targeted attack in Khuzdar.","https://t.me/Insurgent_Zone/4698"
"17 Sep 26","Economic Attack","Bannu, Khyber Pakhtunkhwa","","","1 machinery / equipment destroyed","Machinery was set on fire in Miryan, Bannu.","https://www.facebook.com/share/1EoYkGyQGX/"
"17 Sep 26","Intel Based Operation","North Waziristan, Khyber Pakhtunkhwa","4M","0","","Four TTP militants were killed in an intelligence-based operation in Shewa, North Waziristan.","https://x.com/TKCkhyber/status/2100544640202244556?s=20"
"17 Sep 26","Ambush","Sherani, Balochistan","2SF","2SF","","Two FC personnel, Muhammed Naeem and Ahmed Khan, were killed and two others injured in an ambush in Sherani.","https://www.facebook.com/share/p/19bPgkzfbw/"
"17 Sep 26","Ambush","Kachhi, Balochistan","3M","0","","Three BRG militants were killed in an ambush by security forces in Dhadar, Kachhi district.","https://x.com/War_Analysts/status/2100643592645886007?s=20"
"16 Sep 26","Ambush","Khuzdar, Balochistan","1SF
4IRR","0","","One police personnel and four pro-state committee members were killed in an ambush in Wadh, Khuzdar.","https://www.dawn.com/news/2030375/cop-among-5-killed-in-armed-attack-on-shafiq-mengals-khuzdar-camp | https://www.facebook.com/share/p/19Gn4y1Vez/"
"16 Sep 26","Checkpoint Attack","Peshawar, Khyber Pakhtunkhwa","0","2SF","","Two police personnel were injured when an IED exploded at the Srakhora police checkpost in Hasankhel, Peshawar.","https://t.me/Insurgent_Zone/4650"
"16 Sep 26","Ambush","Kech, Balochistan","2SF","0","","Two FC personnel were killed when armed individuals ambushed the protection team of a construction company in Hoshab, Kech.","https://thebalochistanpost.net/2026/09/turbat-attack-on-pakistani-forces-convoy-casualties-reported/ | https://www.facebook.com/share/p/1AfR4ZS8Px/"
"16 Sep 26","Armed Clash","South Waziristan, Khyber Pakhtunkhwa","1SF","0","","Sepoy Diyar Khan was killed in armed clashes in Wana, South Waziristan.","https://t.me/Insurgent_Zone/4678"
"15 Sep 26","Targeted Killing","Kech, Balochistan","1IRR","0","","An armed individual killed Abid, a member of a pro-state death squad, in the Kalatuk area of Turbat, Kech.","https://t.me/Insurgent_Zone/4638"
"15 Sep 26","Economic Attack","Chagai, Balochistan","","","1 vehicles / trucks destroyed","Armed individuals burned down one truck in Dalbandin, Chagai district, Balochistan.","https://t.me/Insurgent_Zone/4637"
"15 Sep 26","Targeted Killing","Khuzdar, Balochistan","1IRR","0","","Ehsan, a pro-state death squad member, was killed in a targeted attack in Naal, Khuzdar.","https://t.me/Insurgent_Zone/4617"
"15 Sep 26","Armed Clash","Mardan, Khyber Pakhtunkhwa","1M","2SF","","A TTP militant was killed and two police personnel were injured during an attack on a police checkpost in Takhtbhai, Mardan.","https://www.dawn.com/news/2030193 | https://x.com/TKCkhyber/status/2099770687682752571?s=20"
"15 Sep 26","Intel Based Operation","Bajaur, Khyber Pakhtunkhwa","1M","0","","ISKP militant Ibadullah was killed in an Intelligence Based Operation (IBO) in Salarzai, Bajaur.","https://x.com/TKCkhyber/status/2099731678663205034?s=20"
"15 Sep 26","Targeted Killing","Quetta, Balochistan","1SF","0","","Police Constable Muhammad Abbas was killed in a targeted attack in Quetta.","https://t.me/Insurgent_Zone/4661 | https://www.dailyindependent.com.pk/2026/09/17/funeral-prayers-held-for-martyred-constable-muhammad-abbas/"
"15 Sep 26","Ambush","Dir Upper, Khyber Pakhtunkhwa","2IRR","0","","One pro-state militia member was killed and one injured in an ambush in Sangar top, Dir Upper.","https://t.me/Insurgent_Zone/4641"
"14 Sep 26","Armed Clash","Bannu, Khyber Pakhtunkhwa","4IRR","2M","","Four members of the Hathikhel Peace Committee were killed during armed clashes with TTP militants in Domel, Bannu.","https://t.me/Insurgent_Zone/4597"
"14 Sep 26","Targeted Killing","South Waziristan, Khyber Pakhtunkhwa","1IRR","0","","A pro-state irregular, Umed, was killed in a targeted attack in Wana, South Waziristan.","https://t.me/Insurgent_Zone/4594"
"14 Sep 26","Intel Based Operation","Kech, Balochistan","4M","0","","Four BLF militants were killed during an intelligence-based operation (IBO) in Turbat.","https://x.com/Al_Muqatil786/status/2099594783996186728?s=20"
"14 Sep 26","Armed Clash","Mastung, Balochistan","1SF","0","","Havaldar Mehboob Ali Dasti, an army personnel, succumbed to injuries sustained during clashes in Balochistan.","https://www.facebook.com/share/p/1JYGq9TJXF/"
"14 Sep 26","Targeted Killing","Bannu, Khyber Pakhtunkhwa","1SF","0","","Elite Force personnel Constable Pir Ahmedullah was killed in a targeted attack in Bannu.","https://www.facebook.com/share/p/1ayL1rUrTk/"
"13 Sep 26","Intel Based Operation","Killa Abdullah, Balochistan","6M","1SF","","Six BLA militants were killed and five were detained during an intelligence-based operation (IBO) in Qilla Abdullah. One ATF personnel was injured in the operation.","https://www.facebook.com/share/p/1D8arDBcKr/"
"13 Sep 26","Ambush","South Waziristan, Khyber Pakhtunkhwa","2M","0","","Two IMP militants, including commander Nasir and Waqas alias Sohail Mughal Khel, were killed in an ambush in Wana, South Waziristan.","https://www.facebook.com/share/p/18o4nVwAga/"
"13 Sep 26","Targeted Killing","Tank, Khyber Pakhtunkhwa","0","1SF","","One police constable, Khairullah, was injured in a targeted attack in Tank.","https://www.facebook.com/share/p/1C1GTvvEy1/"
"13 Sep 26","IED Explosion","Kech, Balochistan","1SF","4SF","","FC Sepoy Waqar was killed in an IED attack in Tump, Kech district.","https://www.facebook.com/share/p/19KUa56LaG/"
"12 Sep 26","IED Explosion","Lasbela, Balochistan","4SF","7SF","","An IED struck two vehicles of the 15 Frontier Force in Kashari, Lasbela, resulting in the death of three soldiers and one civilian, and injuring five soldiers and two civilians. One vehicle was set on fire and the N-25 highway was closed.","https://x.com/InsurgentZone_/status/2098792932425740465?s=20"
"12 Sep 26","Armed Clash","Kech, Balochistan","0","1SF","","One police constable Tariq Dadullah was injured in an attack on his home in Tump, Kech.","https://t.me/Insurgent_Zone/4530"
"12 Sep 26","Economic Attack","Washuk, Balochistan","","","1 vehicles / trucks destroyed · 4 machinery / equipment destroyed","Armed individuals set fire to machinery belonging to a Lithium extraction company in Mashkel, Washuk district.","https://thebalochistanpost.net/2026/09/bla-brg-claim-operations-in-lasbela-jiwani-mashkel-and-kachhi/ | https://t.me/Insurgent_Zone/4528"
"12 Sep 26","Armed Clash","Tank, Khyber Pakhtunkhwa","1M","0","","A TTP militant, Ghufran alias Muntazir, was killed in an intelligence-based operation in Tank.","https://x.com/Pakilad3/status/2098738040177082511?s=20"
"12 Sep 26","Intel Based Operation","Khyber, Khyber Pakhtunkhwa","4M","0","","Four TTP militants, including commander Arab Gul alias Umar Khalid Ghazi, were killed in an intelligence-based operation in the Akakhel area of Bara, Khyber Pakhtunkhwa.","https://t.me/Insurgent_Zone/4525"
"12 Sep 26","Drone Strike","Mastung, Balochistan","3M","0","","Three BLA militants, including commander Naqeeb alias Ameer, were killed in a drone strike in Kardigap, Mastung.","https://x.com/Al_Muqatil786/status/2099153762770436309"
"11 Sep 26","Targeted Killing","Lakki Marwat, Khyber Pakhtunkhwa","1SF","0","","Police Constable Imran was shot dead in the Abdulkhel area of Ghaznikhel, Lakki Marwat.","https://www.facebook.com/share/p/1T5pEJQcqm/"
"11 Sep 26","Targeted Killing","Bannu, Khyber Pakhtunkhwa","1SF","0","","Constable Obaidullah was killed in a targeted attack in the Sardikhel area of Bakakhel, Bannu.","https://www.facebook.com/share/p/1DbMsmTt6R/"
"11 Sep 26","Ambush","Kurram, Khyber Pakhtunkhwa","6SF","5SF","","Militants affiliated with Tehrik-e-Taliban Pakistan (TTP) ambushed security forces in the Manato area of Central Kurram, resulting in the death of four Frontier Corps SOG personnel.","https://www.facebook.com/share/p/1EhcptstG9/"
"11 Sep 26","Ambush","Surab, Balochistan","2SF","4SF","","Two Frontier Corps (FC) personnel were killed and four others injured in an ambush in the Gider area of Surab, Balochistan.","https://t.me/Insurgent_Zone/4516"
"11 Sep 26","IED Explosion","Gwadar, Balochistan","2SF","0","","An NLC vehicle was targeted in an IED attack in Jiwani, killing one Military Intelligence personnel and three NLC employees.","https://terrormonitor.com/post/pakistan-eight-killed-in-separate-terrorist-attacks-in-gwadar-and-lasbela-including-four-nlc-employees | https://x.com/Pakilad3/status/2098736899481600423?s=20"
"11 Sep 26","Checkpoint Attack","Gwadar, Balochistan","1SF","0","","Armed individuals attacked a CheckPost in Jiwani, Gwadar, resulting in the death of Navy personnel Nafees Abid.","https://www.facebook.com/share/p/1885RvtN5W/"
"10 Sep 26","Armed Clash","Mastung, Balochistan","1SF","1SF","","One police personnel was killed and another injured in an attack on a police checkpost in Mastung.","https://x.com/ParaSF007/status/2098064926707462445?s=20"
"10 Sep 26","Encounter","Peshawar, Khyber Pakhtunkhwa","5M","0","","Five ISKP militants were killed in an encounter in Peshawar.","https://x.com/War_Analysts/status/2098107137222177231"
"10 Sep 26","Sniper Attack","Orakzai, Khyber Pakhtunkhwa","1SF","0","","A Lance Naik of the FC was killed in a sniper attack on a joint FC and Police checkpost in Orakzai.","https://www.facebook.com/share/p/1LhNu9B2Zo/"
"10 Sep 26","Sniper Attack","Kotli, Azad Jammu & Kashmir","1SF","0","","A Pakistan Rangers soldier was critically injured in a sniper attack in Kotli, Azad Kashmir, and later died during treatment. Armed individuals allegedly affiliated with JAAC are suspected.","https://x.com/Mohsin_o2/status/2098022337300123907?s=20"
"09 Sep 26","Ambush","Karak, Khyber Pakhtunkhwa","1SF","1SF","","One police ASI Zafran was killed and another police personnel injured when their vehicle was ambushed in Karak.","https://english.aaj.tv/news/330471505 | https://x.com/LalWazir19/status/2097566690980864380"
"08 Sep 26","Economic Attack","Tank, Khyber Pakhtunkhwa","","","1 vehicles / trucks destroyed","Militants burned down a vehicle carrying rations for an FC post in Jandola, Tank.","https://t.me/Insurgent_Zone/4420"
"08 Sep 26","Armed Clash","Kurram, Khyber Pakhtunkhwa","4M","0","","Four TTP militants were killed during an intelligence-based operation in central Kurram district.","https://x.com/Warfrontops/status/2097334624410382387?s=20"
"08 Sep 26","Drone Strike","Hangu, Khyber Pakhtunkhwa","0","2SF","","Two police personnel were injured in a drone strike on a checkpost in Hangu.","https://x.com/Pakilad3/status/2097335289291386975?s=20"
"08 Sep 26","Economic Attack","Panjgur, Balochistan","","","1 vehicles / trucks destroyed","In the Parom area of Panjgur, one vehicle carrying ration was burned and another was seized.","https://t.me/Insurgent_Zone/4423"
"07 Sep 26","Sniper Attack","South Waziristan, Khyber Pakhtunkhwa","1SF","0","","Sepoy Ali Nawaz was killed in a sniper attack in Shakai, South Waziristan.","https://t.me/Insurgent_Zone/4397"
"07 Sep 26","Armed Clash","Washuk, Balochistan","3M","0","","Three BLF militants were killed in armed clashes in Basima, Washuk.","https://x.com/Al_Muqatil786/status/2097000723779301624?s=20"
"07 Sep 26","Targeted Killing","North Waziristan, Khyber Pakhtunkhwa","1SF","0","","Lance Naik Umar Gul of the FC was shot dead in Shewa, North Waziristan.","https://t.me/Insurgent_Zone/4411"
"07 Sep 26","Economic Attack","Awaran, Balochistan","","","1 cell towers destroyed","A Ufone cell tower was set ablaze in the Jhao ara area of Awaran district.","https://www.facebook.com/share/v/17SBDVFm7Y/"
"07 Sep 26","Grenade Attack","Mastung, Balochistan","0","1SF","","One police personnel was injured in a grenade attack on a police station in Mastung.","https://x.com/Info_Balochistn/status/2096870854290444526?s=20"
"06 Sep 26","Grenade Attack","Quetta, Balochistan","0","1SF","","One police personnel was injured in a grenade attack on the Shalkot police station in Quetta.","https://t.me/Insurgent_Zone/4343"
"06 Sep 26","Intel Based Operation","Hangu, Khyber Pakhtunkhwa","2M","0","","Two TTP militants were killed in Hangu.","https://x.com/Al_Muqatil786/status/2096683636607373444"
"06 Sep 26","Rocket Attack","Kharan, Balochistan","8M","0","","Eight Baloch Liberation Army (BLA) militants were killed in a rocket strike by security forces in Kharan, Balochistan.","https://x.com/Al_Muqatil786/status/2096680256933687467?s=20"
"06 Sep 26","Economic Attack","Kalat, Balochistan","","","1 vehicles / trucks destroyed","A fuel bowser was burned and two small vehicles were stolen in the Rodenjo area of Kalat, Balochistan.","https://www.facebook.com/share/p/1PFAw3kxor/"
"05 Sep 26","Ambush","Turbat, Balochistan","0","1SF","","FC Personnel Naik Asif Khetran was seriously injured in an attack in Turbat.","https://www.facebook.com/share/p/19hcRt14fh/"
"05 Sep 26","Drone Strike","South Waziristan, Khyber Pakhtunkhwa","1SF","1SF","","Sepoy Rizwanullah was killed and another army personnel was injured in a drone strike on a checkpost in Wana, South Waziristan.","https://www.facebook.com/share/p/1DwF5p8AS8/"
"05 Sep 26","Intel Based Operation","North Waziristan, Khyber Pakhtunkhwa","9M","0","","Seven TTP militants were killed in an incident in Ghulam Khan, North Waziristan.","https://t.me/Insurgent_Zone/4346"
"05 Sep 26","Checkpoint Attack","Bagh, Azad Jammu & Kashmir","1SF
/
1M","1SF","","One Federal Constabulary personnel, Rahim Gul, and one militant were killed in an armed clash in Bagh, Azad Kashmir. 1 rangers personnel was injured","https://dunyanews.tv/en/Pakistan/971479-fc-soldier-martyred-rangers-personnel-injured-in-azad-kashmir-gun-att | https://www.facebook.com/share/p/1BvsWi6myM/"
"04 Sep 26","Targeted Killing","Peshawar, Khyber Pakhtunkhwa","1SF","0","","Police constable Farooq Shah was killed in a targeted attack in Badhber, Peshawar.","https://www.dawn.com/news/2027538/cop-martyred-in-peshawar-attack | https://www.facebook.com/share/1LuEkTDJGv/"
"04 Sep 26","Armed Clash","Quetta, Balochistan","1M","0","","One BLA Azad militant, Nisar Ahmed alias Yasir, was killed in an armed clash in the Panjpai area of Quetta, Balochistan.","https://t.me/Insurgent_Zone/4400"
"04 Sep 26","Ambush","Nushki, Balochistan","1SF","0","","Police Constable Abdul Nasir was killed in an ambush in Nushki bazar, Nushki.","https://www.facebook.com/share/p/18eSAyetsn/"
"04 Sep 26","Armed Clash","Kalat, Balochistan","2M","0","","Two BLF militants were killed during an intelligence-based operation in Kalat, Balochistan.","https://x.com/Warfrontops/status/2095864461164986807?s=20"
"04 Sep 26","Armed Clash","Kachhi, Balochistan","2M","0","","Two Baloch Republican Guards (BRG) militants were killed in the Bhag tehsil of Kachhi district, Balochistan.","https://t.me/Insurgent_Zone/4302"
"04 Sep 26","Drone Strike","Quetta, Balochistan","4M","0","","Three TTP militants, including TTP governor for Pishin Haibatullah Umari, were killed in a drone strike in Shaban Valley, Quetta.","https://warmonitorpk.com/ttp-district-chief-among-three-militants-reportedly-killed-in-ziarat-drone-strike/"
"04 Sep 26","Armed Clash","Mastung, Balochistan","6M","0","","Six BLA militants were killed during an Intelligence Based Operation (IBO) in Mastung.","https://t.me/Insurgent_Zone/4302"
"04 Sep 26","Ambush","Kharan, Balochistan","1SF","4SF","","One FC personnel Lance Naik Asif Anwar was killed and four others were injured in an ambush in Kharan.","https://www.facebook.com/share/p/1UczWzXm4d/"
"04 Sep 26","Ambush","Duki, Balochistan","5IRR","0","","Five former Afghan National Army personnel and local peace committee members were killed in an ambush in Duki, Balochistan.","https://x.com/Info_Balochistn/status/2096520577557119474?s=20"
"03 Sep 26","Targeted Killing","Tank, Khyber Pakhtunkhwa","1SF","0","","FC personnel Fakhar Zaman was killed in a targeted attack in Tank district.","https://www.facebook.com/share/p/1Df3GLFyjr/"
"03 Sep 26","Economic Attack","Ziarat, Balochistan","","","12 machinery / equipment destroyed","Militants attacked an NPI Construction & Engineering site on Khani Baba–Ziarat Road, setting machinery on fire and taking two company pickup vehicles. Two workers were abducted during the incident.","https://x.com/ParaSF007/status/2095532384682926316"
"03 Sep 26","Checkpoint Attack","Peshawar, Khyber Pakhtunkhwa","0","2SF","","Two police constables were seriously injured in an attack on the Wazir Kala CheckPost in Peshawar.","https://www.facebook.com/share/p/1CtLBpfnWz/"
"03 Sep 26","Suicide Attack","Shaheed Sikandarabad, Balochistan","1SF","4SF","","A Vehicle Borne Improvised Explosive Device (VBIED) in Surab killed one army Havaldar from the 35 FF regiment and injured four others.","https://t.me/Insurgent_Zone/4359"
"03 Sep 26","Ambush","Pishin, Balochistan","17SF","2SF","","Seventeen FC personnel were killed and two police constables were injured in an ambush in the Ziarat Cross area of Pishin tehsil.","https://www.aljazeera.com/news/2026/9/9/pakistan-faces-new-frontier-against-attacks-balochistans-pashtun-areas | https://thebalochistanpost.net/2026/09/bla-says-25-pakistani-soldiers-killed-in-two-attacks/ | https://www.facebook.com/share/p/1VpjKEvV5Q/"
"02 Sep 26","Intel Based Operation","North Waziristan, Khyber Pakhtunkhwa","12M","0","","12 IMP militants were killed in an intelligence-based operation (IBO) in Datta Khel, North Waziristan.","https://tribune.com.pk/story/2627209/security-forces-kill-15-terrorists-trying-to-infiltrate-from-afghanistan-ispr | https://x.com/TKCkhyber/status/2095133877643972954?s=20"
"02 Sep 26","Drone Strike","South Waziristan, Khyber Pakhtunkhwa","0","1SF","","One police personnel was injured in a drone strike on Azam Warsak police station in Wana, South Waziristan.","https://t.me/Insurgent_Zone/4226"
"02 Sep 26","Encounter","Peshawar, Khyber Pakhtunkhwa","4M","0","","Four TTP militants were killed in an encounter in Badhbir, Peshawar.","https://english.news.cn/asiapacific/20260903/17353868e9a241e9a031889697e358af/c.html | https://x.com/TKCkhyber/status/2095201600285622344?s=20"
"02 Sep 26","Armed Clash","Turbat, Balochistan","2M","0","","Two BLA militants were killed in armed clashes in Turbat.","https://x.com/TKCkhyber/status/2095189690534199356?s=20"
"01 Sep 26","Checkpoint Attack","Ziarat, Balochistan","10SF","7SF","","Five Frontier Corps personnel, including a Captain, were killed in an attack on a joint Police-FC checkpost and Customs warehouse in Ziarat. Four customs officials were also killed in the attack.","https://tribune.com.pk/story/2626907/6-personnel-martyred-in-balochistan-customs-house-attack-21-terrorists-killed-across-province-ispr | https://www.facebook.com/share/p/19DVFyynHu/"
"01 Sep 26","Armed Clash","Dera Ismail Khan, Khyber Pakhtunkhwa","1M","0","","One TTP militant was killed in armed clashes in Daraban, Dera Ismail Khan.","https://t.me/Insurgent_Zone/4189"
"01 Sep 26","Armed Clash","Kech, Balochistan","2M","1SF","","Two BLA militants were killed in armed clashes in Dasht, Kech district.","https://x.com/TKCkhyber/status/2094994581842526387?s=20"
"01 Sep 26","Armed Clash","Chaman, Balochistan","1SF","0","","One Army personnel, Mulazim Hussain, was killed in armed clashes in Chaman.","https://www.facebook.com/share/p/19Km5ZfBWZ/"
"01 Sep 26","Economic Attack","Chagai, Balochistan","","","2 vehicles / trucks destroyed","Two commercial vehicles were set on fire in Chagai district, Balochistan.","https://t.me/Insurgent_Zone/4183"
"01 Sep 26","Intel Based Operation","Lakki Marwat, Khyber Pakhtunkhwa","2M","0","","Two TTP militants, Junaid and Nasir, were killed in Lakki Marwat.","https://www.dawn.com/news/2026614/2-terrorists-killed-in-lakki-marwat-ibo-police | https://t.me/Insurgent_Zone/4172?single"
"31 Aug 26","Sniper Attack","North Waziristan, Khyber Pakhtunkhwa","1SF","0","","Sepoy Shabbar Khan of the Pakistan Army was killed in a sniper attack on the checkpost in Spinwam, North Waziristan","https://www.facebook.com/share/p/1HSDip9ade/"
"31 Aug 26","IED Explosion","Karak, Khyber Pakhtunkhwa","1SF","6SF","","One Police Constable Wajidullah was killed and six other police personnel were injured in an IED attack on a police mobile in Banda Daud Shah, Karak.","https://www.dawn.com/news/2026488 | https://x.com/TKCkhyber/status/2094361978278150568?s=20"
"31 Aug 26","Intel Based Operation","Chagai, Balochistan","2SF
/
11M","2SF","","10 BLA militants were killed during an intelligence-based operation in Dalbandin, Ghagai. 1 captain of the army was also killed","https://tribune.com.pk/story/2626907/6-personnel-martyred-in-balochistan-customs-house-attack-21-terrorists-killed-across-province-ispr | https://x.com/Al_Muqatil786/status/2094377233515421812?s=20"
"31 Aug 26","Drone Strike","South Waziristan, Khyber Pakhtunkhwa","0","1SF","","One FC personnel was injured in a drone strike on Karbkot fort in Wana, South Waziristan.","https://www.facebook.com/share/p/19TmiDH3ox/"
"30 Aug 26","Intel Based Operation","Awaran, Balochistan","4M","0","","Three Balochistan Liberation Front (BLF) militants were killed in an intelligence-based operation (IBO) in Awaran district.","https://www.facebook.com/share/p/19TmiDH3ox/"
"30 Aug 26","Encounter","Mardan, Khyber Pakhtunkhwa","2M","0","","Two TTP militants were killed in an encounter in Mardan.","https://cgntoday.com/news.php?id=991&lang=en | https://x.com/TKCkhyber/status/2094106307116798415?s=20"
"30 Aug 26","Armed Clash","Washuk, Balochistan","1SF","2SF","","One Army personnel, Sepoy Zeeshan Rafiq, was killed and two others were injured in Mashkel during armed clashes with the Balochistan Liberation Front (BLF).","https://www.facebook.com/share/p/1FVwLwvFV9/"
"30 Aug 26","IED Explosion","Duki, Balochistan","0","0","","An IED blast in Duki resulted in the deaths of three civilians and injured one.","https://x.com/TKCkhyber/status/2094011986178900434?s=20"
"30 Aug 26","Armed Clash","Washuk, Balochistan","2M","0","","Two BLF militants were killed in an armed clash in Washuk.","https://x.com/Pakilad3/status/2094397702817894779?s=20"
"30 Aug 26","IED Explosion","Gwadar, Balochistan","1SF","0","","One Army personnel, Sepoy Junaid Ali Shah of 31 FF regiment, was killed in an IED attack in the Shadikour area of Pasni, Gwadar.","https://t.me/Insurgent_Zone/4192?single"
"29 Aug 26","Armed Clash","Mohmand, Khyber Pakhtunkhwa","1M","0","","A JUA militant named Zarar Mohmand was killed during clashes in Mohmand district, Khyber Pakhtunkhwa.","https://www.eurasiareview.com/31082026-denying-space-to-khwarij-precision-ibos-across-kp-oped/ | https://t.me/Insurgent_Zone/4100"
"29 Aug 26","Drone Strike","Washuk, Balochistan","4M","0","","Four BLF militants were killed in a quadcopter strike in Mashkel, Washuk district.","https://x.com/Al_Muqatil786/status/2093697649182699777?s=20"
"29 Aug 26","Ambush","Dera Ismail Khan, Khyber Pakhtunkhwa","1SF","4SF","","One Police constable Ghulam Saeed was killed and four other police personnel, including the SHO, were injured in an ambush on Tank Road in Dera Ismail Khan.","https://www.arabnews.com/node/2656222/pakistan | https://x.com/InsurgentZone_/status/2093670150901829976"
"29 Aug 26","Ambush","Kech, Balochistan","1SF","3SF","","One FC personnel, Sepoy Malik Shehryar Ahmed, was killed and three others were injured in an ambush on a four-vehicle convoy in Turbat.","https://x.com/Pakilad3/status/2093734065115635808?s=20"
"29 Aug 26","Armed Clash","Khuzdar, Balochistan","3IRR","0","","Three members of a pro-state death squad led by Shafiq Mengal were killed and one abducted in Khuzdar.","https://x.com/Info_Balochistn/status/2093649807826923691"
"28 Aug 26","IED Explosion","South Waziristan, Khyber Pakhtunkhwa","1IRR","0","","One pro-state irregular, Inayatullah Mehsud, was killed and two others were injured in an IED attack in Makin, South Waziristan.","https://www.dawn.com/news/2025733 | https://www.facebook.com/share/p/1BnF21RpCA/"
"28 Aug 26","Encounter","Karak, Khyber Pakhtunkhwa","2M","0","","Two TTP militants were killed in an encounter in Karak district.","https://english.news.cn/20260829/4313a7bed78e45a1bcac3771f706ec01/c.html | https://www.facebook.com/share/p/1Bw1VSnzrA/"
"27 Aug 26","Intel Based Operation","Bannu, Khyber Pakhtunkhwa","2M","0","","Two IMP militants, Khawre Torikhel and Hazir, were killed in Janikhel, Bannu.","https://x.com/Al_Muqatil786/status/2093405960018772179?s=20"
"27 Aug 26","Encounter","Peshawar, Khyber Pakhtunkhwa","4M","0","","Four JuA militants were killed in an encounter in Peshawar.","https://english.news.cn/asiapacific/20260828/557e0af2b5394763ad24e5cfb78a013b/c.html | https://x.com/KP_Police1/status/2093023738157760655"
"27 Aug 26","Armed Clash","North Waziristan, Khyber Pakhtunkhwa","1M","0","","An IMP militant identified as Anwar alias Mukhlis was killed in armed clashes in Datta Khel, North Waziristan.","https://x.com/PamirWatch/status/2093612452391104889"
"26 Aug 26","Ambush","Quetta, Balochistan","0","3SF","","Three ATF personnel were injured in an ambush in Quetta, Balochistan.","https://www.radio.gov.pk/26-08-2026/rangers-sepoy-martyred-another-injured-in-ajk-road-clearance-operation | https://x.com/Pakilad3/status/2092672068152373300?s=20"
"26 Aug 26","Grenade Attack","Peshawar, Khyber Pakhtunkhwa","0","2SF","","Two police personnel were injured in a grenade attack on a checkpost in Peshawar.","https://www.thehindu.com/news/international/two-killed-three-injured-in-hand-grenade-blasts-in-pakistans-nw/article71395648.ece | https://x.com/Pakilad3/status/2092672413150724506?s=20"
"26 Aug 26","Grenade Attack","South Waziristan, Khyber Pakhtunkhwa","1SF
1IRR","0","","A constable named Abdullah was killed and a pro-state individual named Musa Khan was injured in a grenade attack on a car in Sararogha, South Waziristan.","https://www.thehindu.com/news/international/two-killed-three-injured-in-hand-grenade-blasts-in-pakistans-nw/article71395648.ece | https://x.com/Pakilad3/status/2092671477648925131?s=20"
"26 Aug 26","Sniper Attack","Sudhanoti, Azad Jammu & Kashmir","1SF","1SF","","A sniper attack in Sudhnuti, Azad Jammu Kashmir, resulted in the death of Sepoy Shah Nawaz and serious injury to Lance Naik Bilal, both from the Rangers.","https://www.geo.tv/latest/679325-rangers-personnel-martyred-another-wounded-after-armed-men-open-fire-in-ajk | https://www.facebook.com/share/p/1BgAEGRDsp/"
"25 Aug 26","IED Explosion","South Waziristan, Khyber Pakhtunkhwa","0","20SF","","20 Army and FC personnel were injured in a drone strike on a military convoy in South Waziristan.","https://t.me/Insurgent_Zone/3983"
"25 Aug 26","Checkpoint Attack","Dera Ismail Khan, Khyber Pakhtunkhwa","0","5SF","","Five police personnel were injured in an attack on a police checkpost in Darazinda, Dera Ismail Khan.","https://www.arabnews.pk/node/2656222/pakistan | https://www.facebook.com/share/p/189oy2m1sU/"
"24 Aug 26","Targeted Killing","Bannu, Khyber Pakhtunkhwa","0","1SF","","A Police Constable named Sifatullah was critically injured in a targeted attack in Bannu.","https://x.com/ParaSF007/status/2091786750905717210?s=20"
"24 Aug 26","Targeted Killing","Chagai, Balochistan","1IRR","0","","A pro-state death squad member named Saddam was killed in a targeted attack in Chagai district.","https://t.me/Insurgent_Zone/3969"
"23 Aug 26","Ambush","Chagai, Balochistan","3SF","5SF","","One army personnel and two FC personnel were killed in an ambush in Charsar area of Chagai, Balochistan.","https://t.me/Insurgent_Zone/3933?single"
"23 Aug 26","Intel Based Operation","Washuk, Balochistan","4M","0","","Four BLA militants were killed in an intelligence-based operation (IBO) in Washuk district, Balochistan.","https://x.com/Pakilad3/status/2091863413005946893?s=20"
"23 Aug 26","Targeted Killing","Awaran, Balochistan","2IRR","0","","Two pro-state individuals, Faiz and Zafar, were killed in a targeted attack by militants in Jhao, Awaran.","https://x.com/InsurgentZone_/status/2091857620072034596"
"23 Aug 26","Checkpoint Attack","Khyber, Khyber Pakhtunkhwa","2SF","0","","One Frontier Corps personnel and one police constable were killed in an attack on a joint checkpost in Takhta Beg Jamrud.","https://www.24newshd.tv/24-Aug-2026/two-security-men-martyred-terror-attack-jamrud-checkpost-thwarted | https://www.facebook.com/share/p/1DV7caHuz8/"
"23 Aug 26","Checkpoint Attack","Mohmand, Khyber Pakhtunkhwa","0","5SF","","Five police constables were injured in a grenade attack on a police checkpost in Ambar Mohmand.","https://www.nation.com.pk/24-Aug-2026/governor-condemns-attack-police-post-mohmand | https://www.facebook.com/share/p/1PUQtYMXY1/"
"23 Aug 26","Ambush","Kech, Balochistan","0","3SF","","Three Frontier Corps (FC) personnel were injured in an attack by the Balochistan Liberation Army (BLA) in Turbat.","https://www.facebook.com/share/p/1YcA72UesY/"
"22 Aug 26","Armed Clash","Orakzai, Khyber Pakhtunkhwa","1M","0","","One IMP militant was killed in armed clashes in tirah Upper Orakzai.","https://t.me/Insurgent_Zone/3950"
"22 Aug 26","Checkpoint Attack","Panjgur, Balochistan","1SF","9SF","","One FC personnel Lance Naik Faisal was killed and nine others were injured in a militant attack on a checkpost in Panjgur.","https://thebalochistanpost.net/2026/08/balochistan-mastung-attack-followed-by-curfew-as-bridge-blasts-and-panjgur-assault-highlight-security-challenges/ | https://x.com/zarrar_11PK/status/2091099586605568449?s=20"
"22 Aug 26","Targeted Killing","Peshawar, Khyber Pakhtunkhwa","1SF","0","","One CTD personnel named Humayun was killed in a targeted attack in Badhbhir, Peshawar.","https://www.dawn.com/news/2024890 | https://www.facebook.com/share/p/1bi9AePLVN/"
"22 Aug 26","Intel Based Operation","Dir Upper, Khyber Pakhtunkhwa","3M","0","","Three TTP militants were killed in an intelligence-based operation (IBO) in Dir Upper.","https://x.com/War_Analysts/status/2091071619317821748?s=20"
"22 Aug 26","Armed Clash","Khyber, Khyber Pakhtunkhwa","1M","0","","One ISKP militant was killed in armed clashes in Bara.","https://t.me/Insurgent_Zone/3877"
"22 Aug 26","Targeted Killing","South Waziristan, Khyber Pakhtunkhwa","1IRR","0","","A peace committee member, Muhammad Khalid, was killed in a targeted attack in Wana, South Waziristan.","https://www.dawn.com/news/2024750 | https://t.me/Insurgent_Zone/3881"
"22 Aug 26","IED Explosion","Mastung, Balochistan","4SF","8SF","","Four Frontier Corps personnel were killed and eight injured in an IED blast in Khadkocha, Mastung.","https://www.geo.tv/latest/678575-three-killed-in-mastungs-khad-kocha-explosion-police | https://www.facebook.com/share/1DVRCb7AVR/"
"21 Aug 26","Targeted Killing","Bajaur, Khyber Pakhtunkhwa","1SF","0","","A police constable named Rehmatullah was killed in a targeted killing incident in the Inayat Kaley area of Mamund, Bajaur.","https://www.dawn.com/news/2024416 | https://www.facebook.com/share/p/1KEwncvtuu/"
"21 Aug 26","Targeted Killing","South Waziristan, Khyber Pakhtunkhwa","0","0","","Sher Muhammad, a member of the ""good Taliban,"" was killed in a targeted killing in Makin, South Waziristan.","https://t.me/Insurgent_Zone/3853"
"21 Aug 26","Targeted Killing","Kech, Balochistan","0","1SF","","One police constable was injured in a firing attack in Tump, Kech district.","https://www.facebook.com/share/p/186sNWXaCP/"
"20 Aug 26","Drone Strike","Panjgur, Balochistan","5M","0","","Five BLA militants were killed in a drone strike in Panjgur.","https://x.com/Hamza_Lashari18/status/2090396684756885775?s=20"
"20 Aug 26","Targeted Killing","Mardan, Khyber Pakhtunkhwa","1SF","0","","Police ASI Dost Muhammad was killed in a targeted killing in Takhtbhai, Mardan.","https://www.facebook.com/share/p/1DeXvE1nqF/"
"20 Aug 26","Drone Strike","South Waziristan, Khyber Pakhtunkhwa","0","1SF","","A police constable was injured in a drone strike in Wana, South Waziristan.","https://x.com/LalWazir19/status/2090472346574635016?s=20"
"19 Aug 26","Intel Based Operation","Bannu, Khyber Pakhtunkhwa","1M","0","","A TTP militant named Umar Ali, also known as Umari Ashna, was killed in an Intelligence-Based Operation in Janikhel Bannu.","https://x.com/Hunterop091/status/2090102396844167652"
"19 Aug 26","Grenade Attack","Quetta, Balochistan","0","1SF","","A police constable was injured in a grenade attack on a police station in Quetta.","https://x.com/ParaSF007/status/2090146879199928589"
"19 Aug 26","Intel Based Operation","Panjgur, Balochistan","5M","0","","During an intelligence-based operation in Kuli Suran, Panjgur, security forces killed 5 baloch separatist militants and recovered weapons, IEDs, and vehicles.","https://x.com/Al_Muqatil786/status/2090171343593680983"
"18 Aug 26","Intel Based Operation","Lakki Marwat, Khyber Pakhtunkhwa","2M","0","","Two TTP militants were killed in Lakki Marwat.","https://t.me/Insurgent_Zone/3781"
"18 Aug 26","Suicide Attack","Bannu, Khyber Pakhtunkhwa","1M","2SF","","Two soldiers were injured in a suicide bombing in Janikhel, Bannu.","https://x.com/IftikharFirdous/status/2089629333010956341?s=20"
"18 Aug 26","Targeted Killing","Quetta, Balochistan","0","0","","Three ANA soldiers and one peace militia member were killed, and one peace militia member was injured in Quetta.","https://x.com/Info_Balochistn/status/2089739202812584192?s=20"
"18 Aug 26","Armed Clash","South Waziristan, Khyber Pakhtunkhwa","1M","0","","TTP commander Shaheen Mehsud was killed in clashes in South Waziristan.","https://x.com/Pakilad3/status/2089853994734596188"
"18 Aug 26","Armed Clash","Bajaur, Khyber Pakhtunkhwa","1M","0","","One TTP militant named Abdullah was killed in armed clashes in Bajaur.","https://t.me/Insurgent_Zone/3790"
"18 Aug 26","IED Explosion","Kalat, Balochistan","1SF","5SF","","One FC personnel, Lance Naik Imdadullah, was killed and three others were injured in an IED blast in Kalat.","https://www.facebook.com/share/p/1ByDARh8FR/"
"18 Aug 26","Armed Clash","South Waziristan, Khyber Pakhtunkhwa","2M","0","","Two IMP militants were killed in armed clashes in South Waziristan.","https://t.me/Insurgent_Zone/3826"
"18 Aug 26","IED Explosion","North Waziristan, Khyber Pakhtunkhwa","2SF","1SF","","Two FC personnel were killed and one was seriously injured in an IED blast in Shawal, North Waziristan.","https://www.facebook.com/share/p/1H8C87FCNZ/"
"17 Aug 26","Ambush","Chagai, Balochistan","3SF","6SF","","Three army personnel were killed and six were injured in an ambush in Dalbandin.","https://www.facebook.com/share/p/1DvvzH453v/"
"17 Aug 26","Targeted Killing","Peshawar, Khyber Pakhtunkhwa","1SF","0","","Police Constable Ibrahim was killed in a targeted attack in Peshawar.","https://x.com/ParaSF007/status/2089257212476858592?s=20"
"17 Aug 26","Ambush","Bannu, Khyber Pakhtunkhwa","0","3SF","","Three members of the Sorani police peace committee were injured in an ambush in Domel, Bannu.","https://t.me/Insurgent_Zone/3766"
"16 Aug 26","Intel Based Operation","Mastung, Balochistan","5M","0","","Five BLF militants were killed during an Intelligence-Based Operation in Mastung.","https://x.com/Al_Muqatil786/status/2089367100229910779?s=20"
"16 Aug 26","Targeted Killing","Bannu, Khyber Pakhtunkhwa","1SF","0","","A police constable named Saifullah was killed in a targeted killing incident in Bannu.","https://www.facebook.com/share/p/1DH3H1irkx/"
"16 Aug 26","Targeted Killing","Bajaur, Khyber Pakhtunkhwa","1SF","1SF","","One CTD personnel Muhammad Rehman was killed in a targeted attack in Salarzai, Bajaur.","https://www.facebook.com/share/p/1FDqNNbwRy/"
"16 Aug 26","Intel Based Operation","Washuk, Balochistan","2M","0","","Two BLF militants were killed in Basima, Balochistan.","https://x.com/Pakilad3/status/2089339765845836235?s=20"
"16 Aug 26","Armed Clash","South Waziristan, Khyber Pakhtunkhwa","1M","0","","One TTP militant was killed during clashes in Shakai, South Waziristan.","https://t.me/Insurgent_Zone/3762"
"15 Aug 26","Sniper Attack","North Waziristan, Khyber Pakhtunkhwa","1SF","0","","An FC personnel, Hasan Ali Shah, was killed in a sniper attack on a military post in Zarmaj Mela, Shawal, North Waziristan. The Tehrik-e-Taliban Pakistan (TTP) claimed responsibility.","https://x.com/Pakilad3/status/2088560023844872500?s=20"
"15 Aug 26","Drone Strike","Kurram, Khyber Pakhtunkhwa","0","2SF","","Two FC personnel, including a Subedar, were injured in a drone strike on a post in Alizai, Lower Kurram.","https://www.facebook.com/share/p/1P6RTsDQKZ/"
"15 Aug 26","Intel Based Operation","Kharan, Balochistan","7M","0","","Seven BLF militants were killed in an intelligence-based operation (IBO) in Kharan.","https://t.me/Insurgent_Zone/3726"
"14 Aug 26","Armed Clash","Sheikhupura, Punjab","2M","1M","","Two militants were killed and one injured in Sheikhupura.","https://arynews.tv/lahore-police-attack-suspects-killed-in-sheikhupura-encounter | https://x.com/i/status/2088014583827231131"
"14 Aug 26","Armed Clash","Bajaur, Khyber Pakhtunkhwa","1SF","2SF","","A police constable named Zahir Shah was killed and two others were injured during an attack on a checkpost in Barang, Bajaur.","https://www.facebook.com/share/p/1HSbdJB1Xn/"
"14 Aug 26","Ambush","Mastung, Balochistan","0","6SF","","Three anti-terrorism force personnel were injured when the convoy of Balochistan Interior Minister Mir Zia Langov was ambushed in Khadkocha, Mastung.","https://www.facebook.com/share/p/1Au3yUma7i/"
"14 Aug 26","Targeted Killing","Killa Abdullah, Balochistan","0","2SF","","Two police personnel were injured when armed motorcyclists opened fire on the Tuta Ada police station in Qilla Abdullah.","https://t.me/Insurgent_Zone/3662"
"14 Aug 26","Drone Strike","Karak, Khyber Pakhtunkhwa","0","3SF","","Three police personnel were injured in a drone strike on Gurguri Police Station in Karak district.","https://tribune.com.pk/story/2623925/anti-drone-guns-foil-karak-terror-attacks | https://x.com/i/status/2088133194549997929"
"14 Aug 26","Targeted Killing","Tank, Khyber Pakhtunkhwa","2IRR","0","","Two brothers of former Peace Militia head Nasrullah Bettani were killed by unknown assailants in Jandola, Tank.","https://www.facebook.com/share/p/1DF2Y58gEq/"
"14 Aug 26","Sniper Attack","Kurram, Khyber Pakhtunkhwa","1SF","0","","Lance Naik Adnan Bettani was killed in a sniper attack on a checkpost in Central Kurram, Kurram district.","https://www.facebook.com/share/p/1JgaTYGBvy/?mibextid=wwXIfr"
"14 Aug 26","Armed Clash","Hangu, Khyber Pakhtunkhwa","1M","0","","A TTP militant identified as Abu Bakr was killed in clashes in Hangu.","https://t.me/Insurgent_Zone/3705"
"14 Aug 26","IED Explosion","Turbat, Balochistan","2SF","9SF","","One Army Havildar was killed and nine other personnel were injured in an IED attack in Turbat.","https://www.facebook.com/share/p/1D65T8WWDy/"
"13 Aug 26","Targeted Killing","Lahore, Punjab","1SF","3SF","","A police party was attacked by militants in Nawa Kot, Lahore, resulting in four police personnel being injured. Jamaat-ul-Ahrar (JuA) claimed responsibility for the attack.","https://english.aaj.tv/news/330467786/two-police-officers-martyred-in-separate-lahore-shootings | https://x.com/i/status/2087969336325714159"
"13 Aug 26","Targeted Killing","Charsadda, Khyber Pakhtunkhwa","1SF","0","","Elite force constable Ziaullah was killed in a targeted killing in Charsadda.","https://leadpakistan.com.pk/news/elite-force-official-killed-in-charsadda-firing/ | https://t.me/Insurgent_Zone/3625"
"13 Aug 26","Targeted Killing","Lahore, Punjab","2SF","0","","Two police officers, Sub-Inspector Adeel and Constable Asad, deployed at Lari Adda Police Station, were killed in a targeted killing by unknown individuals in the Badami Bagh area of Lahore. The suspects fled the scene after the attack.","https://tribune.com.pk/story/2623737/two-police-personnel-martyred-in-firing-in-lahores-badami-bagh"
"13 Aug 26","Drone Strike","South Waziristan, Khyber Pakhtunkhwa","1SF","0","","Major Saad Ibrahim, who was injured in a drone strike on Sipla Too Check Post on 25 December 2025in Serwekai, South Waziristan, has succumbed to his injuries.","https://x.com/i/status/2087908170530210298"
"13 Aug 26","Armed Clash","Bannu, Khyber Pakhtunkhwa","3M","6SF","","Six police personnel were injured in armed clashes in Domel Bannu, Khyber Pakhtunkhwa. Three militants were killed during the incident.","https://www.facebook.com/share/v/1ESSvo6xUT/"
"13 Aug 26","Targeted Killing","Quetta, Balochistan","1IRR","0","","One former Afghan national army personnel and peace committee member was killed and seven others injured in Quetta.","https://www.facebook.com/share/p/1Bja5UerLg/"
"13 Aug 26","Drone Strike","North Waziristan, Khyber Pakhtunkhwa","0","2SF","","Two FC personnel were injured in a drone strike on a checkpoint of 241 Wing Badar Rifles in Shewa, North Waziristan.","https://t.me/Insurgent_Zone/3681"
"12 Aug 26","Armed Clash","Khuzdar, Balochistan","1SF","2SF","","One Frontier Corps (FC) personnel was killed and two others were injured in armed clashes in Wadh, Balochistan.","https://x.com/Pakilad3/status/2087603885414244841?s=20"
"12 Aug 26","Armed Clash","Surab, Balochistan","0","2SF","","Two army personnel were injured during an Intelligence-Based Operation (IBO) in Surab.","https://x.com/OfficialDGISPR/status/2087530654171045919?s=20"
"12 Aug 26","Ambush","North Waziristan, Khyber Pakhtunkhwa","1SF","2SF","","One FC personnel, Ajmal Khan, was killed and two others were injured in an ambush in Shewa, North Waziristan.","https://t.me/Insurgent_Zone/3598"
"12 Aug 26","Targeted Killing","Pishin, Balochistan","1SF","0","","An Army personnel named Sajid Khan Tareen was shot dead in Pishin.","https://x.com/Pakilad3/status/2087520002606064003?s=20"
"12 Aug 26","Ambush","Dera Ismail Khan, Khyber Pakhtunkhwa","0","2SF","","Two Motorway Police personnel were injured when their vehicle was ambushed in Kulachi, Dera Ismail Khan.","https://x.com/IsmaeelMehsud/status/2087522417472151862?s=20"
"12 Aug 26","Ambush","Kalat, Balochistan","3SF","4SF","","Three FC personnel were killed and four others injured in an ambush in Kalat, Balochistan.","https://x.com/Pakilad3/status/2087511715546112219?s=20"
"12 Aug 26","Targeted Killing","Bannu, Khyber Pakhtunkhwa","1SF","0","","A Frontier Corps personnel, Burhanuddin, was killed in a targeted attack in Domel, Bannu.","https://x.com/NUQTA31/status/2087601114434715789?s=20"
"12 Aug 26","Armed Clash","Dera Ismail Khan, Khyber Pakhtunkhwa","1M","0","","A TTP militant was killed in the Kohi Bahara area of Dera Ismail Khan.","https://x.com/zarrar_11PK/status/2087586262555480390?s=20"
"11 Aug 26","Intel Based Operation","Khuzdar, Balochistan","5M","0","","Five BLA militants were killed in an Intelligence-Based Operation (IBO) in Khuzdar.","https://x.com/Al_Muqatil786/status/2087443533384815042?s=20"
"11 Aug 26","Sniper Attack","Panjgur, Balochistan","1SF","0","","One Frontier Corps personnel, identified as Jail from 137 Wing, was killed in a sniper attack in Panjgur.","https://www.facebook.com/share/p/19VV2Rm6YR/"
"11 Aug 26","Armed Clash","Bannu, Khyber Pakhtunkhwa","2M","0","","Two IMP militants were killed during an intelligence-based operation in the Jani Khel area of Bannu district.","https://x.com/Pakilad3/status/2087127162277036428?s=20"
"11 Aug 26","Armed Clash","Rawalpindi, Punjab","1M","1SF","","One army personnel was injured and one militant was killed during armed clashes in Rawalpindi.","https://x.com/Pakilad3/status/2087231637369344485?s=20"
"11 Aug 26","Rocket Attack","Kech, Balochistan","1IRR","0","","One member of a pro-state death squad was killed and five others were injured in a rocket attack on a residence in Bulaida, Kech.","https://t.me/Insurgent_Zone/3554"
"10 Aug 26","Targeted Killing","Bannu, Khyber Pakhtunkhwa","1SF","0","","A police constable, Anwarullah, was shot dead by militants in Bakakhel, Bannu.","https://www.facebook.com/share/p/1bZJ6VYsMg/"
"10 Aug 26","Targeted Killing","Lakki Marwat, Khyber Pakhtunkhwa","1SF","0","","Sepoy Ehsan Ratanzai, a member of the Badarga Force, was killed in a targeted killing in Lakki Marwat.","https://www.facebook.com/share/p/1EedGyhH5U/"
"10 Aug 26","Targeted Killing","Bajaur, Khyber Pakhtunkhwa","1IRR","0","","An individual identified as Zahoor, a member of the Pro-State Peace Committee, was killed in his residence in Kohi, Salarzai, Bajaur, after unidentified assailants opened fire. IS-KP claimed responsibility for the incident.","https://t.me/Insurgent_Zone/3517"
"10 Aug 26","Encounter","Bannu, Khyber Pakhtunkhwa","1M","0","","One militant was killed in an encounter in Miryan Bannu.","https://www.facebook.com/share/v/1DsRRbAyJr/"
"10 Aug 26","Sniper Attack","North Waziristan, Khyber Pakhtunkhwa","1SF","0","","A Frontier Corps personnel, Hussain from Karak, was killed in a sniper attack in Spinwam, North Waziristan.","https://t.me/Insurgent_Zone/3530"
"09 Aug 26","Drone Strike","Kurram, Khyber Pakhtunkhwa","0","5SF","","Five army personnel were injured in a drone strike on a military post in Parachinar, Upper Kurram.","https://t.me/Insurgent_Zone/3487?single"
"09 Aug 26","Targeted Killing","Kalat, Balochistan","1IRR","0","","A member of the Shafiq Mengal-led peace committee was killed in Kalat.","https://t.me/Insurgent_Zone/3482"
"09 Aug 26","IED Explosion","North Waziristan, Khyber Pakhtunkhwa","2SF","2SF","","An IED explosion in Dossali, North Waziristan, killed two FC personnel and injured two others.","https://x.com/i/status/2086523267842740279"
"09 Aug 26","Intel Based Operation","Panjgur, Balochistan","5M","0","","Five BLA militants were killed in an intelligence-based operation in Panjgur.","https://x.com/i/status/2086703322157785156"
"09 Aug 26","Ambush","South Waziristan, Khyber Pakhtunkhwa","1SF","2SF","","One Army personnel was killed and two others were injured in an ambush in South Waziristan.","https://x.com/LalWazir19/status/2086497622282617193?s=20"
"09 Aug 26","Armed Clash","North Waziristan, Khyber Pakhtunkhwa","1M","0","","An IMP militant named Zakarya was killed in Dossali, North Waziristan.","https://x.com/InsurgentZone_/status/2087187393640051097?s=20"
"09 Aug 26","Drone Strike","Dir Lower, Khyber Pakhtunkhwa","1M","0","","A TTP militant was killed in a drone strike in Lower Dir.","https://t.me/Insurgent_Zone/3483"
"09 Aug 26","Ambush","Lakki Marwat, Khyber Pakhtunkhwa","1SF","1SF","","One Police Constable was killed and another injured in an ambush on a police rider squad in Lakki Marwat.","https://www.facebook.com/share/p/19S9obKJry/"
"08 Aug 26","Intel Based Operation","Kech, Balochistan","2M","0","","Two BLF militants were killed in Buleda Kech.","https://t.me/Insurgent_Zone/3495"
"08 Aug 26","IED Explosion","Bajaur, Khyber Pakhtunkhwa","0","1SF","","A Police Constable was seriously injured in an IED attack in Bajaur.","https://www.facebook.com/sanaullahtvofficial/posts/pfbid0ETU2TUqSdBbt2yk1aZGz9yKujTAor6tMDtAuFxc6EizmAXjVaVKHaNVAHzHNkrnCl"
"07 Aug 26","Checkpoint Attack","Sibi, Balochistan","1SF","0","","A Police Constable Abdur Rasheed Abro was killed in a militant attack on a police checkpoint in Sibbi.","https://quettavoice.com/2026/08/07/bolan-terror-attack-balochistan-police-constable-martyred-in-armed-assault-on-dosa-cross-checkpost/ | https://t.me/Insurgent_Zone/3434"
"07 Aug 26","Intel Based Operation","Hangu, Khyber Pakhtunkhwa","1SF
/
4M","2SF
/
2M","","One Captain Hamza was killed and two FC personnel were injured in an armed clash in Thal Hangu, which also resulted in the deaths of four militants.","https://www.geo.tv/latest/676673-captain-martyred-seven-terrorists-eliminated-in-hangu-ibo-ispr | https://www.facebook.com/myounas.chughtai/posts/pfbid02iduNc9fFL6znkLzjme2CSKmoygfxXNBNDKN68dbakiF1EJHaUSymMMoUnNv5Vzn6l"
"07 Aug 26","Sniper Attack","North Waziristan, Khyber Pakhtunkhwa","1SF","0","","An army personnel was killed in a sniper attack in Ghulam Khan area of North Waziristan.","https://www.facebook.com/100091786874042/posts/pfbid0uRa1bh5MEQVMoyBckSxEVcqJFnKeCPfvzcb2bqBHse8zj6KFyQMbZtidANq9mFHBl/?mibextid=CDWPTG"
"07 Aug 26","Drone Strike","Panjgur, Balochistan","6M","0","","Six BLF militants were killed in a drone strike in Panjgur.","https://t.me/Insurgent_Zone/3469"
"06 Aug 26","Targeted Killing","Bannu, Khyber Pakhtunkhwa","1SF","0","","A police constable from CTD, Noor Alam, was killed in a targeted killing in Bannu.","https://www.dawn.com/news/2021076 | https://t.me/Insurgent_Zone/3412"
"06 Aug 26","Intel Based Operation","Lakki Marwat, Khyber Pakhtunkhwa","1M","0","","A TTP militant named Arifullah was killed during an intelligence-based operation in Lakki Marwat.","https://www.facebook.com/share/1By4RkohAU/"
"06 Aug 26","Ambush","Dera Bugti, Balochistan","1SF","3SF","","One FC Naik Nasir Khan was killed and three others injured in an ambush on a convoy in Dera Bugti.","https://x.com/i/status/2085473446499385815"
"06 Aug 26","Drone Strike","Mastung, Balochistan","6M","0","","Six BLA militants were killed in a drone strike in Mastung.","https://www.brecorder.com/news/40433682/security-forces-kill-12-terrorists-in-balochistan | https://x.com/i/status/2085951777191723412"
"06 Aug 26","Drone Strike","Bannu, Khyber Pakhtunkhwa","1M","0","","A TTP militant named Jameedullah was killed in a drone strike in Bannu.","https://t.me/Insurgent_Zone/3449"
"05 Aug 26","Targeted Killing","Peshawar, Khyber Pakhtunkhwa","1SF","0","","A Police Constable Mehran was killed in a targeted attack in Peshawar.","https://www.urdupoint.com/en/pakistan/police-constable-shot-dead-by-unidentified-as-2232042.html | https://t.me/Insurgent_Zone/3396"
"05 Aug 26","Checkpoint Attack","Dir Lower, Khyber Pakhtunkhwa","1SF
/
1M","6SF","","An FC personnel, Nasir Iqbal, was killed and six others were injured in an attack on a checkpost in Dir Lower. One militant was also killed.","https://x.com/i/status/2085243256003248403"
"05 Aug 26","Armed Clash","South Waziristan, Khyber Pakhtunkhwa","1M","0","","A TTP militant was killed in armed clashes in Azam Warsak, South Waziristan.","https://x.com/i/status/2085252299237040262"
"05 Aug 26","Drone Strike","Washuk, Balochistan","6M","0","","Six BLF militants were killed in a drone strike in Washuk.","https://www.urdupoint.com/en/pakistan/police-constable-shot-dead-by-unidentified-as-2232042.html | https://x.com/i/status/2085459718634680474"
"04 Aug 26","Armed Clash","Bajaur, Khyber Pakhtunkhwa","1M","0","","A TTP militant identified as Muhammad Irfan was killed in Bajaur.","https://t.me/Insurgent_Zone/3411"
"04 Aug 26","Targeted Killing","Karachi, Sindh","1SF","0","","A police constable was killed in a targeted killing incident in East Karachi.","https://www.pakistantoday.com.pk/2026/08/04/cop-martyred-in-armed-attack-on-karachi-superhighway | https://www.facebook.com/share/p/1HLFg8XVKJ/"
"04 Aug 26","IED Explosion","Khyber, Khyber Pakhtunkhwa","0","3SF","","A Lieutenant Colonel and two SSG commandoes were injured in an IED blast in Khyber.","https://x.com/War_Analysts/status/2084679380941586702?s=20 | https://www.facebook.com/pakmilitarythings/videos/lt-col-shahid-alis-unbreakable-spirit-%EF%B8%8F/2084074008848295/"
"03 Aug 26","Targeted Killing","Mastung, Balochistan","1SF","0","","Police Constable Ehsanullah was shot dead by unknown assailants in Mastung.","https://www.facebook.com/share/p/1Bz9nwao5w/"
"03 Aug 26","IED Explosion","South Waziristan, Khyber Pakhtunkhwa","1IRR","0","","Pro-state good Taliban commander Mufti Jan Mir Mastikhel was killed in an IED blast in Wana, South Waziristan.","https://t.me/Insurgent_Zone/3356"
"03 Aug 26","Intel Based Operation","Khyber, Khyber Pakhtunkhwa","1M","0","","One militant was killed in an IBO in Khyber.","https://x.com/Al_Muqatil786/status/2084293908847272076?s=20"
"03 Aug 26","Armed Clash","Awaran, Balochistan","1M","0","","A BLF commander was killed in armed clashes in Awaran.","https://x.com/PakDefence_/status/2084289095203733599?s=20"
"03 Aug 26","Drone Strike","North Waziristan, Khyber Pakhtunkhwa","1M","0","","TTP commander Amjad alias Asim Dawar was killed in a drone strike in Mir Ali, North Waziristan.","https://t.me/Insurgent_Zone/3373"
"03 Aug 26","Drone Strike","Harnai, Balochistan","1M","3M","","A BLA militant was killed and three others were injured in a drone strike in Harnai.","https://t.me/Insurgent_Zone/3381"
"03 Aug 26","Ambush","Chagai, Balochistan","0","4SF","","1 DSP and 3 police personnel were injured in an ambush in Dalbandin.","https://x.com/Pakilad3/status/2084491380944978290?s=20"
"02 Aug 26","IED Explosion","Peshawar, Khyber Pakhtunkhwa","0","2SF","","Two police personnel were injured when their vehicle was hit by an IED explosion in Peshawar.","https://tribune.com.pk/story/2621735/two-cops-injured-in-peshawar-ied-blast-1 | https://www.facebook.com/share/p/14prY1SCHEu/"
"02 Aug 26","Armed Clash","Kharan, Balochistan","2M","0","","Two BLF militants were killed in Kharan.","https://x.com/i/status/2083759754707395065"
"02 Aug 26","Suicide Attack","Swat, Khyber Pakhtunkhwa","7SF
/
1M","15SF","","Five police personnel were killed and fifteen were injured in a suicide bombing in Kabal, Swat.","https://www.aljazeera.com/news/2026/8/2/suicide-bomber-kills-14-outside-police-station-in-pakistans-swat | https://x.com/i/status/2083970100466684051"
"02 Aug 26","Targeted Killing","Mardan, Khyber Pakhtunkhwa","1SF","0","","Police officer Muhammad Sohail was killed in a targeted attack in Takht Bhai, Mardan.","https://t.me/Insurgent_Zone/3311"
"02 Aug 26","Intel Based Operation","Bannu, Khyber Pakhtunkhwa","1M","0","","An alleged IMP militant named Rehmat was killed in Bakakhel, Bannu.","https://t.me/Insurgent_Zone/3297"
"02 Aug 26","Intel Based Operation","North Waziristan, Khyber Pakhtunkhwa","2M","0","","Two IMP militants were killed in an IBO operation in Datta Khel, North Waziristan.","https://x.com/TKCkhyber/status/2083815156958871958?s=20"
"02 Aug 26","Drone Strike","Hangu, Khyber Pakhtunkhwa","1M","0","","TTP commander Amir Muawiya was killed in Hangu district, Khyber Pakhtunkhwa.","https://www.dawn.com/news/2020144"
"01 Aug 26","Drone Strike","North Waziristan, Khyber Pakhtunkhwa","1SF","1SF","","A drone strike on a checkpost in Razmak, North Waziristan killed Major Ihsan Ilahi and injured Sepoy Zeeshan.","https://www.dawn.com/news/2019936 | https://www.facebook.com/share/p/1DQ6TKvhGd/"
"01 Aug 26","Armed Clash","Bannu, Khyber Pakhtunkhwa","1M","0","","A TTP militant identified as Sarhadi Muhajir was killed in armed clashes in Bannu.","https://t.me/Insurgent_Zone/3264"
"31 Jul 26","Intel Based Operation","Panjgur, Balochistan","1M","0","","One BLA militant, Salman Bangalzai, was killed during an intelligence-based operation in Panjgur.","https://x.com/behram_91khan/status/2083268381516648751?s=20"
"31 Jul 26","Ambush","Dera Ismail Khan, Khyber Pakhtunkhwa","2SF","0","","Two police personnel, including an ASI, were killed in an ambush by militants in Dera Ismail Khan.","https://www.dawn.com/news/2019712 | https://www.facebook.com/share/1EK5KiKHpD/"
"31 Jul 26","Drone Strike","Bannu, Khyber Pakhtunkhwa","0","0","","Five peace committee members were injured in a drone strike on a hujra in Bannu.","https://x.com/TKCkhyber/status/2083121007536341232?s=20"
"31 Jul 26","Intel Based Operation","Bajaur, Khyber Pakhtunkhwa","1M","0","","One TTP militant was killed in Mamund, Bajaur during an armed clash.","https://t.me/Insurgent_Zone/3252?single"
"31 Jul 26","Intel Based Operation","Bannu, Khyber Pakhtunkhwa","2M","0","","Two militant commanders, Niyaz minerallah and Surat, were killed in an intelligence-based operation in Bakakhel, Bannu.","https://t.me/Insurgent_Zone/3251"
"31 Jul 26","IED Explosion","Dera Bugti, Balochistan","2SF","3SF","","An IED attack in Dera Bugti killed two Frontier Corps personnel and injured three others.","https://www.facebook.com/share/p/1DH6WNTKbr/"
"31 Jul 26","Ambush","Khuzdar, Balochistan","3SF
/
1M","3SF","","An ambush in the Zeedi area of Khuzdar resulted in the deaths of three security personnel, including one SSG and two FC personnel, and injured three others, while one BLA militant was killed.","https://t.me/Insurgent_Zone/3258"
"30 Jul 26","Intel Based Operation","Kech, Balochistan","1SF
/
2M","3M","","Two BLF militants were killed and three others injured in Buleda, Kech.","https://x.com/i/status/2083028302013587877"
"30 Jul 26","Checkpoint Attack","Quetta, Balochistan","7SF
/
2M","6SF","","Five FC personnel were killed and six injured in an attack on FC checkposts in Hanna Urak, Quetta.","https://thebalochistanpost.net/2026/07/quetta-armed-fighters-overrun-two-fc-posts-13-personnel-reportedly-killed/ | https://x.com/IftikharFirdous/status/2083024187787206780?s=20"
"29 Jul 26","IED Explosion","Kachhi, Balochistan","1SF","3SF","","One FC NCO was killed and three others were injured in anIED blast in Kachhi district.","https://t.me/Insurgent_Zone/3143"
"29 Jul 26","Ambush","Khuzdar, Balochistan","8SF","0","","Eight army personnel were killed in an ambush in Khuzdar, Balochistan.","https://x.com/IftikharFirdous/status/2082546707821363353?s=20"
"29 Jul 26","Targeted Killing","Kech, Balochistan","3IRR","0","","Three pro-state militia members were killed in a targeted attack in Turbat.","https://t.me/Insurgent_Zone/3131"
"29 Jul 26","Grenade Attack","Karachi, Sindh","0","2SF","","Two CTD officials were injured in a grenade attack on a police vehicle in Gulshan-e-Iqbal, Karachi.","https://arynews.tv/karachi-grenade-attack-ctd-officials-injured-in-gulshan-e-iqbal | https://t.me/Insurgent_Zone/3179"
"29 Jul 26","Intel Based Operation","Chagai, Balochistan","3M","0","","Three BLA militants were killed in Dalbandin.","https://t.me/Insurgent_Zone/3174"
"29 Jul 26","Ambush","Hangu, Khyber Pakhtunkhwa","11SF
/
1M","31SF","","12 police personnel were killed and 31 injured in an ambush and checkpost attack in Hangu. One militant was also killed.","https://arynews.tv/hangu-checkpost-attack-30-july-2026"
"29 Jul 26","Ambush","Kachhi, Balochistan","1SF","0","","One FC personnel was killed in an ambush on a convoy in the Sanni area of Kachhi.","https://www.facebook.com/share/p/17nQQ3YQAe/"
"29 Jul 26","Drone Strike","South Waziristan, Khyber Pakhtunkhwa","1M","0","","TTP militant Zulfiqar was killed in a drone strike in South Waziristan.","https://x.com/unknownb6as/status/2082861950514692209?s=20"
"29 Jul 26","Sniper Attack","Orakzai, Khyber Pakhtunkhwa","1SF","0","","A Frontier Corps personnel, Palos Gill, was killed in a sniper attack in Orakzai.","https://www.facebook.com/share/17s38M8Err/"
"28 Jul 26","Ambush","North Waziristan, Khyber Pakhtunkhwa","3SF","4SF","","An army convoy was ambushed in Shawal Valley, North Waziristan, resulting in the death of 3 army personnel and injury to 4 others.","https://t.me/Insurgent_Zone/3135"
"28 Jul 26","Ambush","Khuzdar, Balochistan","1SF","3SF","","One army personnel was killed and three others were injured in an ambush in Wadh.","https://x.com/Pakilad3/status/2082168185462116582?s=20"
"28 Jul 26","Drone Strike","Khyber, Khyber Pakhtunkhwa","6M","0","","Six militants belonging to IMP were killed in Khyber Maidan.","https://t.me/Insurgent_Zone/3338"
"28 Jul 26","Drone Strike","Nushki, Balochistan","8M","0","","Six BLA militants were killed in a drone strike in Nushki.","https://x.com/i/status/2082421597831381035"
"28 Jul 26","Targeted Killing","Barkhan, Balochistan","2SF","0","","Police DSP Murid Bugti and his guard Rasul Bakhsh were kidnapped and later killed by militants in Barkhan.","https://www.facebook.com/share/p/1CufszwBhw/"
"28 Jul 26","Intel Based Operation","Tank, Khyber Pakhtunkhwa","1M","0","","A TTP militant named Rehmatullah was killed during an IBO in Tank.","https://t.me/Insurgent_Zone/3124"
"28 Jul 26","Targeted Killing","North Waziristan, Khyber Pakhtunkhwa","1IRR","0","","One pro-state irregular identified as Ismail Dair Duni was killed and commander Inam was injured in a targeted attack in Miranshah.","https://t.me/Insurgent_Zone/3101"
"28 Jul 26","Armed Clash","Hangu, Khyber Pakhtunkhwa","2M","0","","One TTP militant, Zulqarnain, was killed in Hangu district.","https://www.facebook.com/share/r/1G74ScUbLD/"
"28 Jul 26","Ambush","Swat, Khyber Pakhtunkhwa","1SF
4IRR
/
1M","4SF","","A CTD convoy was ambushed in Matta, Swat, resulting in one personnel killed and four others injured.","https://x.com/TKCkhyber/status/2082186580236927108?s=20"
"27 Jul 26","Armed Clash","Poonch, Azad Jammu & Kashmir","1SF","5SF","","One Rangers personnel and two policemen were killed and three others injured in an armed attack on a security checkpost in Rawalakot.","https://x.com/zarrar_11PK/status/2081823871695786119?s=20"
"27 Jul 26","Targeted Killing","Charsadda, Khyber Pakhtunkhwa","1SF","0","","One FC personnel named Zeeshan was killed in a targeted killing in Charsadda.","https://www.facebook.com/share/p/1EHN9hY4rp/"
"27 Jul 26","Armed Clash","Peshawar, Khyber Pakhtunkhwa","1M","0","","One militant, Mohsin Shah, was killed in an armed clash in Peshawar.","https://t.me/Insurgent_Zone/3074"
"27 Jul 26","Ambush","North Waziristan, Khyber Pakhtunkhwa","1SF","4SF","","Havildar Malik Jan was killed and four other army personnel were injured when their convoy was ambushed in Dossali, North Waziristan.","https://www.facebook.com/share/p/1DEY4K8UdW/"
"27 Jul 26","Armed Clash","Kalat, Balochistan","4M","0","","Four BLA Azad militants were killed in Kalat.","https://t.me/Insurgent_Zone/3127"
"27 Jul 26","Armed Clash","Kech, Balochistan","4M","0","","Four BLF militants were killed in Kech district.","https://t.me/Insurgent_Zone/3133"
"26 Jul 26","Checkpoint Attack","South Waziristan, Khyber Pakhtunkhwa","1SF","3SF","","One FC personnel was killed and three others were injured in an attack on a checkpoint in South Waziristan.","https://www.facebook.com/share/p/1Er5Vpqc9W/"
"26 Jul 26","Intel Based Operation","Lakki Marwat, Khyber Pakhtunkhwa","1M","0","","A TTP militant named Huzaifah Marwat was killed in Ghaznikhel, Lakki Marwat.","https://x.com/TKCkhyber/status/2081729439130640855?s=20"
"26 Jul 26","Armed Clash","Duki, Balochistan","0","1SF","","One ATF personnel was injured during armed clashes in Duki, Balochistan.","https://x.com/TKCkhyber/status/2081632533629014235?s=20"
"25 Jul 26","Intel Based Operation","Dera Ismail Khan, Khyber Pakhtunkhwa","2M","0","","A clash between Pakistani security forces and TTP militants in Khoi Bahara Sharqi resulted in multiple militant casualties, with two bodies recovered as a clearance operation continues.","https://x.com/Al_Muqatil786/status/2081015584545009839"
"25 Jul 26","Sniper Attack","South Waziristan, Khyber Pakhtunkhwa","1SF","0","","An FC personnel was killed in a sniper attack in Azam Warsak, South Waziristan.","https://www.facebook.com/share/p/1LXo3hfLAX/"
"25 Jul 26","IED Explosion","North Waziristan, Khyber Pakhtunkhwa","0","2SF","","Two FC personnel were seriously injured in an IED blast in Dattakhel, north Waziristan.","https://t.me/Insurgent_Zone/3025"
"25 Jul 26","Targeted Killing","Lakki Marwat, Khyber Pakhtunkhwa","1SF","0","","An FC Balochistan soldier was killed in a targeted killing in Lakki Marwat.","https://www.facebook.com/share/p/1Gnxtph8vd/"
"25 Jul 26","Suicide Attack","South Waziristan, Khyber Pakhtunkhwa","4M","0","","Four militants were killed in a suicide bombing in Wana.","https://x.com/War_Analysts/status/2081102554784756120?s=20"
"24 Jul 26","Ambush","Mastung, Balochistan","2SF","3SF","","Two FC personnel were killed and three others injured in an ambush in Mastung.","https://x.com/TKCkhyber/status/2080689050038763929?s=20"
"24 Jul 26","Drone Strike","Peshawar, Khyber Pakhtunkhwa","0","3SF","","Three police personnel were injured in a drone strike in Peshawar.","https://www.thenews.pk/print/1428184-3-cops-injured-in-peshawar-drone-attack | https://t.me/Insurgent_Zone/2989"
"24 Jul 26","Suicide Attack","Tank, Khyber Pakhtunkhwa","18SF
/
5M","23SF","","A suicide bombing on a checkpost in Tank killed 14 army personnel and 3 police personnel, and injured 23 others. Additionally, 5 militants were killed.","https://www.reuters.com/world/asia-pacific/suicide-bombing-pakistan-kills-15-including-12-soldiers-army-says-2026-07-24/ | https://x.com/TKCkhyber/status/2080654318387257684?s=20"
"24 Jul 26","Armed Clash","Dera Ghazi Khan, Punjab","1M","0","","A TTP fighter, Amir Baloch, was killed in an armed clash in Taunsa Sharif, Dera Ghazi Khan.","https://t.me/Insurgent_Zone/3029"
"24 Jul 26","Ambush","Kohat, Khyber Pakhtunkhwa","2SF","2SF","","Two custom officials were killed and two others injured when their vehicle was ambushed in Kohat.","https://www.dawn.com/news/2018117/customs-official-martyred-in-kohat-attack | https://x.com/i/status/2080550627961422081"
"23 Jul 26","Drone Strike","Kurram, Khyber Pakhtunkhwa","1SF","5SF","","A drone strike targeted a checkpost in Dargai, Central Kurram, injuring five army personnel.","https://t.me/Insurgent_Zone/2972"
"23 Jul 26","Ambush","Mastung, Balochistan","1SF","0","","A session judge and his bodyguard, a police personnel, were killed in an ambush in Mastung.","https://apnews.com/article/pakistan-insurgents-killed-judge-restive-southwest-ebcadc4ffd1ced5b3939c9d416b6c591 | https://www.facebook.com/share/p/1D1KQhTooW/"
"23 Jul 26","Ambush","Nushki, Balochistan","4SF","4SF","","Three army personnel were killed and four others injured in an ambush in Nushki.","https://x.com/TBN_Balochistan/status/2080252773828866060?s=20"
"23 Jul 26","Drone Strike","Hangu, Khyber Pakhtunkhwa","0","4SF","","Four FC SOG personnel were injured in a drone strike on a police station in Doaba, Hangu.","https://t.me/Insurgent_Zone/2946"
"23 Jul 26","Encounter","Bannu, Khyber Pakhtunkhwa","4M","0","","Four IMP militants were killed in an encounter in Bannu.","https://www.facebook.com/share/v/14oDx9BXWx7/"
"22 Jul 26","Intel Based Operation","Mastung, Balochistan","6M","0","","Six BLA militants were killed in an intelligence-based operation in Mastung.","https://www.dawn.com/news/2017928 | https://t.me/Insurgent_Zone/2939"
"22 Jul 26","Suicide Attack","Mohmand, Khyber Pakhtunkhwa","4SF
/
1M","4SF","","Three FC personnel were killed and four others injured in an VBIED attack in Safi, Mohmand.","https://nukta.com/mohmand-blast-kills-3-security-personnel | https://x.com/taahir_khan/status/2079821691195457972?s=20"
"22 Jul 26","Targeted Killing","South Waziristan, Khyber Pakhtunkhwa","1SF","0","","One police personnel was killed in South Waziristan.","https://www.dawn.com/news/2017725 | https://t.me/Insurgent_Zone/2906"
"22 Jul 26","Suicide Attack","Bannu, Khyber Pakhtunkhwa","1SF","3SF","","One FC personnel was killed and three others were injured in a suicide bombing in Bannu.","https://www.facebook.com/share/p/18vFDmpYvY/"
"21 Jul 26","Ambush","North Waziristan, Khyber Pakhtunkhwa","3IRR","0","","Three militants were killed in Boya, North Waziristan.","https://t.me/Insurgent_Zone/2874"
"21 Jul 26","IED Explosion","Hangu, Khyber Pakhtunkhwa","1IRR","0","","A peace committee member, Izzt Gul, was killed in an IED blast in Hangu.","https://www.thenews.pk/print/1427411-peace-body-member-killed | https://x.com/Imadabbastkd/status/2079609657975549973?s=20"
"20 Jul 26","Sniper Attack","Shaheed Sikandarabad, Balochistan","1SF","0","","An SSG Commando identified as Siqqidue was killed in a sniper attack in Surab, Balochistan.","https://t.me/Insurgent_Zone/2856"
"20 Jul 26","Drone Strike","Khuzdar, Balochistan","1M","2M","","A BLA militant was killed and two others injured in a quadcopter strike in Khuzdar.","https://t.me/Insurgent_Zone/2852"
"20 Jul 26","Armed Clash","Surab, Balochistan","3M","0","","Three BLA militants were killed in an intelligence-based operation in Surab, Balochistan.","https://x.com/i/status/2079266414243074291"
"20 Jul 26","Sniper Attack","Bajaur, Khyber Pakhtunkhwa","1SF","0","","FC personnel Mudassir Shah was killed in a sniper attack in Salarzai, Bajaur.","https://t.me/Insurgent_Zone/2872"
"18 Jul 26","Targeted Killing","Washuk, Balochistan","1IRR","0","","One peace militia member was killed in Washuk, Balochistan.","https://t.me/Insurgent_Zone/2823"
"18 Jul 26","Armed Clash","Hangu, Khyber Pakhtunkhwa","1SF","1SF","","One police personnel was injured in an attack on a police checkpost in Hangu.","https://t.me/Insurgent_Zone/2819"
"18 Jul 26","Armed Clash","North Waziristan, Khyber Pakhtunkhwa","1M","0","","A militant affiliated with IMP, identified as Ajnabi, was killed in clashes in Dattakhel.","https://t.me/Insurgent_Zone/2850"
"18 Jul 26","Armed Clash","Bannu, Khyber Pakhtunkhwa","1M","1M","","One TTP fighter was killed and another injured in Miryan, Bannu during an armed clash.","https://t.me/Insurgent_Zone/2836"
"18 Jul 26","Checkpoint Attack","Khyber, Khyber Pakhtunkhwa","1SF","2SF","","One FC personnel was killed and two others injured in a fire raid on the Torchappar top checkpost in Tirah Rajgal, Khyber.","https://www.facebook.com/share/p/1GnsWPLxKe/"
"18 Jul 26","Intel Based Operation","Dera Ismail Khan, Khyber Pakhtunkhwa","1M","0","","A TTP militant, Khalid alias Commander, was killed during an IBO in Dera Ismail Khan.","https://www.dawn.com/news/2016443/wanted-terrorist-killed-in-intelligence-based-operation-in-dera-ismail-khan-ctd"
"18 Jul 26","Intel Based Operation","Bannu, Khyber Pakhtunkhwa","3M","0","","Three IMP militants were killed in Bakakhel, Bannu.","https://www.dawn.com/news/2016622 | https://x.com/TKCkhyber/status/2078384485587132902?s=20"
"18 Jul 26","Armed Clash","South Waziristan, Khyber Pakhtunkhwa","1M","0","","One TTP militant, Jumauddin alias Musab Qari, was killed in Shawal, South Waziristan.","https://t.me/Insurgent_Zone/2928"
"17 Jul 26","Armed Clash","Bajaur, Khyber Pakhtunkhwa","1SF","4SF","","One FC personnel was killed and four others were injured in an armed clash in Mamund, Bajaur.","https://t.me/Insurgent_Zone/2788"
"17 Jul 26","Intel Based Operation","Dera Ismail Khan, Khyber Pakhtunkhwa","1M","0","","A militant identified as Salman alias Abubakr was killed in an intelligence-based operation in Daraban, Dera Ismail Khan.","https://www.dawn.com/news/2016443 | https://t.me/Insurgent_Zone/2809"
"17 Jul 26","Targeted Killing","Bagh, Azad Jammu & Kashmir","1SF","3SF","","A former SSG commando and guard of the former Prime Minister of Azad Jammu & Kashmir was killed in a firing raid in Bagh.","https://www.dawn.com/news/2016237 | https://t.me/Insurgent_Zone/2801"
"16 Jul 26","Encounter","Bannu, Khyber Pakhtunkhwa","5M","0","","Five militants belonging to IMP were killed in an encounter by CTD in Bannu.","https://english.news.cn/asiapacific/20260717/307f66b0932c4bde88e8e5a21395bdb1/c.html | https://t.me/Insurgent_Zone/2770"
"16 Jul 26","Armed Clash","Dir Upper, Khyber Pakhtunkhwa","1SF","3SF","","Three security personnel, including two FC personnel and one police ASI, were injured in an attack on a joint FC and Police checkpost in Dir Upper.","https://www.washingtonpost.com/world/2026/07/15/pakistan-twin-militant-attacks-northwest-afghanistan/2ffd5cfe-8081-11f1-8a16-393bd03340b0_story.html | https://t.me/Insurgent_Zone/2773"
"16 Jul 26","Suicide Attack","South Waziristan, Khyber Pakhtunkhwa","1M","6SF","","Six police personnel were injured in a suicide bombing in Wana, South Waziristan.","https://www.facebook.com/PakistanTVGlobal/posts/security-forces-foiled-a-major-terrorist-plot-in-wana-through-a-timely-intellige/1458207199664420/ | https://x.com/LalWazir19/status/2077600195421122849?s=20"
"16 Jul 26","Armed Clash","South Waziristan, Khyber Pakhtunkhwa","1SF
/
1M","7SF","","An attack on a military camp in Shakai, South Waziristan resulted in the death of one army personnel and one militant, with seven other army personnel injured.","https://t.me/Insurgent_Zone/2720"
"16 Jul 26","Ambush","Mastung, Balochistan","8SF","25SF","","Eight Army and FC personnel were killed and 25 injured in an ambush in Mastung.","https://www.arabnews.com/node/2651237/pakistan | https://x.com/War_Analysts/status/2078012533395321200?s=20"
"16 Jul 26","Checkpoint Attack","Duki, Balochistan","1SF","3SF","","One police personnel was killed and three others injured in an attack on a police station in Duki, Balochistan.","https://t.me/Insurgent_Zone/2916"
"16 Jul 26","Intel Based Operation","Harnai, Balochistan","3M","0","","Three militants affiliated with the BLA were killed in Harnai.","https://www.dawn.com/news/2015759 | https://x.com/BalochDiaries/status/2077778606634525184?s=20"
"15 Jul 26","Suicide Attack","Bannu, Khyber Pakhtunkhwa","1SF
/
3M","10SF","","A suicide bombing at Miryan Police Station in Bannu resulted in the death of 1 police personnel and injured 10 others.","https://www.dawn.com/news/2015898/cop-martyred-10-others-injured-in-attack-on-bannus-miryan-police-station"
"15 Jul 26","Ambush","Dir Lower, Khyber Pakhtunkhwa","3SF","17SF","","Three elite force personnel were killed and 17 others injured in an ambush in Lower Dir.","https://abcnews.com/International/wireStory/twin-attacks-militants-kill-3-police-officers-wound-134793439 | https://x.com/taahir_khan/status/2077452737370058919?s=20"
"15 Jul 26","Armed Clash","Kurram, Khyber Pakhtunkhwa","1M","7SF
/
1M","","One militant was killed and another injured in clashes in Upper Kurram after militants briefly took over a post in shalozan upper kurram","https://www.dawn.com/news/2015831/7-security-men-hurt-in-kurram-attack"
"15 Jul 26","Targeted Killing","Harnai, Balochistan","3SF","0","","The bodies of a retired havildar, an ASF inspector, and a retired CTD corporal were found in Harnai.","https://www.dawn.com/news/2015759 | https://t.me/Insurgent_Zone/2688"
"15 Jul 26","Targeted Killing","Turbat, Balochistan","1IRR","0","","A pro-state militia member named Zubair was abducted and killed in Turbat.","https://t.me/Insurgent_Zone/2743"
"14 Jul 26","IED Explosion","Peshawar, Khyber Pakhtunkhwa","1SF","0","","A Bomb Disposal Unit personnel, Khaista Rehman, was killed while attempting to diffuse an IED in Hassankhel Peshawar","https://www.dawn.com/news/2015448"
"14 Jul 26","Armed Clash","Poonch, Azad Jammu & Kashmir","2SF","5SF","","One ranger personnel was killed and 5 others were injured in armed clashes in Rawalakot.","https://www.thenews.pk/story/1426013-rangers-personnel-martyred-another-injured-in-banned-jaac-attack-in-rawalakot | https://x.com/zarrar_11PK/status/2076945212551905751?s=20"
"14 Jul 26","Armed Clash","Harnai, Balochistan","2SF","0","","Two army personnel were killed during armed clashes in the Zarghun Ghar area of Harnai.","https://t.me/Insurgent_Zone/2666"
"13 Jul 26","Targeted Killing","Bannu, Khyber Pakhtunkhwa","1SF","0","","Police Constable Ziaullah was killed in a targeted attack in Bannu.","https://www.dawn.com/news/2015217 | https://www.facebook.com/share/p/1Bb7dwo4VE/"
"13 Jul 26","Targeted Killing","Nushki, Balochistan","1IRR","0","","Tariq Badini, a member of a peace committee, was killed in Nushki.","https://thebalochistanpost.net/2026/07/three-killed-in-separate-shootings-in-noshki-and-quetta/ | https://t.me/Insurgent_Zone/2650"
"13 Jul 26","IED Explosion","Tank, Khyber Pakhtunkhwa","2SF","3SF","","Two police personnel, including an ASI, were killed and three others were injured in an IED attack in Jandola, Tank.","https://www.dawn.com/news/2015111 | https://x.com/taahir_khan/status/2076600914178351435?s=20"
"13 Jul 26","IED Explosion","Harnai, Balochistan","3SF","2SF","","An IED targeted an armoured vehicle in Zarghun Ghar, Harnai, killing Hawaldar Mubashir Hussain and sepoy usman ghani from FC and injuring two other army personnel.","https://t.me/Insurgent_Zone/2632"
"13 Jul 26","IED Explosion","Dera Bugti, Balochistan","0","0","","An IED blast in Sui-dera Bugti injured two peace committee members.","https://t.me/Insurgent_Zone/2653"
"13 Jul 26","Armed Clash","Harnai, Balochistan","2M","0","","Two TTP militants were killed in armed clashes in Zarghun ghar area of Shahrig, Harnai.","https://t.me/Insurgent_Zone/2656"
"12 Jul 26","Targeted Killing","Khuzdar, Balochistan","1SF","0","","Police Constable Manzoor Ahmed Hamzalzai was killed in a targeted attack in Wadh.","https://t.me/Insurgent_Zone/2619"
"12 Jul 26","Targeted Killing","Nowshera, Khyber Pakhtunkhwa","1SF","0","","A police personnel identified as Inam Ali was killed in a targeted attack in Nowshera.","https://www.facebook.com/share/p/1EqNS8zv8M/"
"12 Jul 26","Armed Clash","Khuzdar, Balochistan","1IRR","0","","The brother of Ali Muhammad Qalandarani, a Wadh peace committee member, was killed in an attack on his home in Wadh.","https://t.me/Insurgent_Zone/2626"
"12 Jul 26","Intel Based Operation","Nushki, Balochistan","4M","0","","Pakistani security forces conducted an operation in Nushki, Balochistan, killing 4 militants.","https://x.com/Al_Muqatil786/status/2076062774078345503"
"12 Jul 26","Intel Based Operation","Quetta, Balochistan","4M","0","","In an IBO in Saran Tangi, Quetta, 4 militants affiliated with the BLA were allegedly killed. Security forces recovered weapons and military equipment from their possession.","https://x.com/warfrontop/status/2076286143138779430"
"12 Jul 26","Grenade Attack","Quetta, Balochistan","0","1SF","","One police personnel was injured in a grenade attack on a police station in Quetta.","https://t.me/Insurgent_Zone/2598"
"12 Jul 26","Targeted Killing","Buner, Khyber Pakhtunkhwa","1SF","0","","An Assistant Sub-Inspector (ASI) of the Counter-Terrorism Department (CTD) was killed in Buner.","https://www.dawn.com/news/2015018 | https://www.facebook.com/share/p/1FtHL8PYGo/"
"11 Jul 26","Intel Based Operation","North Waziristan, Khyber Pakhtunkhwa","2M","0","","Two TTP militants were killed in an intelligence-based operation in Mirali, North Waziristan.","https://t.me/Insurgent_Zone/2574"
"11 Jul 26","Armed Clash","Bajaur, Khyber Pakhtunkhwa","2M","0","","Two militants affiliated with Jamaat-ul-Ahrar were killed in Bajaur.","https://t.me/Insurgent_Zone/2663"
"11 Jul 26","Intel Based Operation","Kalat, Balochistan","2M","0","","Two BLA militants were killed in Kalat.","https://x.com/i/status/2075904575450788347"
"11 Jul 26","Targeted Killing","Kohat, Khyber Pakhtunkhwa","1SF","0","","Former Police Constable Asfandyar was killed in a targeted attack in Kohat.","https://www.facebook.com/share/p/1BFaemnL2c/"
"11 Jul 26","Targeted Killing","Lakki Marwat, Khyber Pakhtunkhwa","1SF","0","","A Frontier Corps personnel was killed in a targeted killing incident in Lakki Marwat.","https://t.me/Insurgent_Zone/2572"
"10 Jul 26","Armed Clash","Khuzdar, Balochistan","1SF
/
6M","3SF","","BLA militants attacked Zeedi Police Station in Khuzdar. Security forces responded, eliminating 5 militants and while 3 security personnel were injured. One SSG commando was killed.","https://x.com/FrontierPulse_2/status/2075520870681034852 | https://x.com/War_Analysts/status/2075649877657481474?s=20"
"10 Jul 26","Armed Clash","Panjgur, Balochistan","1M","0","","A TTP militant identified as Saddam Jan Baloch was killed in Makran.","https://t.me/Insurgent_Zone/2556"
"10 Jul 26","Encounter","Karak, Khyber Pakhtunkhwa","4M","0","","Four TTP militants were killed in an encounter in Karak.","https://www.dawn.com/news/2014442 | https://x.com/i/status/2075429758645698846"
"10 Jul 26","Drone Strike","Karak, Khyber Pakhtunkhwa","0","1SF","","One police personnel was injured in a drone strike on a police station in Karak.","https://t.me/Insurgent_Zone/2540"
"10 Jul 26","Intel Based Operation","Peshawar, Khyber Pakhtunkhwa","1M","0","","A TTP militant named Hussain was killed in Mattani Peshawar.","https://x.com/War_Analysts/status/2075505420798754824?s=20"
"10 Jul 26","Targeted Killing","North Waziristan, Khyber Pakhtunkhwa","2SF","0","","Two CTD personnel were shot dead in Spinwam, North Waziristan.","https://www.dawn.com/news/2014442 | https://x.com/LalWazir19/status/2075615635351232858?s=20"
"09 Jul 26","Ambush","Nushki, Balochistan","2SF","2SF","","Two police personnel were killed in an ambush by unknown assailants in Nushki.","https://www.facebook.com/share/p/1Akw2D5ofu/"
"09 Jul 26","Encounter","Mohmand, Khyber Pakhtunkhwa","1M","1SF
/
1M","","In an encounter in Mohmand, one militant was killed and another injured. A Station House Officer (SHO) was also injured.","https://www.facebook.com/share/p/18rjKksYfr/"
"09 Jul 26","IED Explosion","Washuk, Balochistan","1SF","3SF","","An IED blast targeted an FC convoy in Washuk, killing one FC personnel and injuring three others, two critically.","https://x.com/IhsanTipu/status/2075131294779048229?s=20"
"09 Jul 26","Targeted Killing","Tank, Khyber Pakhtunkhwa","1SF","0","","Elite constable Ziaullah Bettani was killed in Tank district.","https://www.facebook.com/share/p/17qJrn1qYq/"
"08 Jul 26","Targeted Killing","North Waziristan, Khyber Pakhtunkhwa","1IRR","0","","A famous Taliban commander known as Malyar Waziristani, part of the Gurbaz Group, was killed in Miranshah.","https://x.com/LalWazir19/status/2074794257840566355?s=20"
"08 Jul 26","Suicide Attack","Khuzdar, Balochistan","7SF
13IRR
/
5M","10SF","","A suicide bombing in Khuzdar targeting the home of Mir Shafiq ur Rehman Mengal killed 7 policemen and 13 peace militia members. 5 militants were also killed","https://www.dawn.com/news/2014288 | https://x.com/BalochDiaries/status/2074925536149967260?s=20"
"08 Jul 26","Ambush","Lasbela, Balochistan","11SF","3SF","","An ambush in Lasbela killed 11 Army soldiers and injured 3 others.","https://www.arabnews.pk/node/2651237/pakistan | https://x.com/Pakilad3/status/2074800694305964221?s=20"
"07 Jul 26","Ambush","Shikarpur, Sindh","1SF","1SF","","One police personnel was killed and another seriously injured in an ambush in Shikarpur.","https://t.me/Insurgent_Zone/2505"
"07 Jul 26","Intel Based Operation","Dalbandin, Balochistan","6M","0","","Pakistani security forces conducted an intelligence-based operation against alleged Militants in Laghap, Dalbandin, killing 6 and recovering weapons.","https://x.com/Al_Muqatil786/status/2074419290946871686"
"07 Jul 26","Checkpoint Attack","Ziarat, Balochistan","31SF","0","","30 police personnel, including 2 SHO and 1 DSP were killed in an attack on a checkpost in Ziarat, Balochistan.","https://t.me/Insurgent_Zone/2485"
"06 Jul 26","Sniper Attack","Bannu, Khyber Pakhtunkhwa","0","1SF","","A police constable was critically injured in a sniper attack in Bakakhel, Bannu.","https://www.facebook.com/share/p/1MpHYoKHiC/"
"06 Jul 26","Armed Clash","North Waziristan, Khyber Pakhtunkhwa","1M","0","","A TTP militant named Wahab alias Sayad was killed in an armed clash in North Waziristan.","https://www.facebook.com/share/p/1Akw2D5ofu/"
"06 Jul 26","Armed Clash","Quetta, Balochistan","1M","0","","One TTP militant was killed in Hana Urak, Quetta.","https://t.me/Insurgent_Zone/2468"
"06 Jul 26","Drone Strike","Kalat, Balochistan","3SF","15SF","","Two FC personnel were killed in clashes in Kalat, Balochistan.","https://www.facebook.com/share/p/1DAxm1rqne/"
"06 Jul 26","Ambush","Loralai, Balochistan","1SF","1SF","","One FC personnel was killed in an ambush in Loralai.","https://www.facebook.com/share/p/1BGckNUnt7/"
"06 Jul 26","Armed Clash","Khuzdar, Balochistan","2SF","0","","One army personnel was killed during armed clashes in Khuzdar.","https://www.facebook.com/share/1BNcLdo5kW/"
"05 Jul 26","Other","Bannu, Khyber Pakhtunkhwa","1M","0","","A TTP militant named Gohar was killed in Bannu.","https://t.me/Insurgent_Zone/2363"
"05 Jul 26","Targeted Killing","Islamabad, Islamabad Capital Territory","1SF","0","","A Group Captain of the Pakistan Air Force Intelligence Directorate was assassinated in Islamabad.","https://t.me/Insurgent_Zone/2354"
"05 Jul 26","Armed Clash","Quetta, Balochistan","1SF
4IRR","2SF","","A clash between local militia and police resulted in the death of 3 peace committee members and one police personnel. 10 others were injured.","https://t.me/Insurgent_Zone/2375"
"04 Jul 26","Targeted Killing","Dera Ismail Khan, Khyber Pakhtunkhwa","1IRR","0","","A pro-state militia member was killed in Kulachi, Dera Ismail Khan.","https://t.me/Insurgent_Zone/2334"
"04 Jul 26","Ambush","Kech, Balochistan","1SF","1SF","","One FC personnel from the Bomb Disposal Unit was killed and another injured when their party was ambushed by militants in Kech.","https://www.facebook.com/share/p/1GZJ9q4dZr/"
"03 Jul 26","Suicide Attack","Gwadar, Balochistan","5SF
/
1M","15SF","","A suicide bombing targeted a joint Pakistan Coast Guard and Pakistan Army facility in Jiwani, resulting in 5 security personnel killed and 15 injured.","https://x.com/Pakilad3/status/2073213358979899418?s=20"
"03 Jul 26","Armed Clash","North Waziristan, Khyber Pakhtunkhwa","1M","0","","An IMP militant was killed in North Waziristan.","https://t.me/Insurgent_Zone/2488"
"03 Jul 26","Sniper Attack","Khyber, Khyber Pakhtunkhwa","1SF","1SF","","One FC personnel Nigarullah was killed and another injured in a sniper attack in Khyber district.","https://www.facebook.com/share/p/1JZweCxZcP/"
"03 Jul 26","Sniper Attack","Bajaur, Khyber Pakhtunkhwa","1SF","1SF","","An attack on the Bomb Disposal Unit of 186 Wing in Salarzai, Bajaur, resulted in the death of Lance Naik Saqib and injuries to other FC personnel.","https://www.facebook.com/share/p/1HVxJzxqqs/"
"02 Jul 26","Other","Panjgur, Balochistan","2M","0","","Two alleged militants were killed in Panjgur's Mortan village when an IED they were planting detonated prematurely.","https://x.com/War_Analysts/status/2072698899761103354?s=20"
"02 Jul 26","Ambush","Mohmand, Khyber Pakhtunkhwa","2SF","1SF","","An Additional SHO and a Constable were killed, and another police personnel was critically injured after their Police Mobile was ambushed in Mohmand.","https://www.facebook.com/share/p/1BRJVqBJqz/"
"01 Jul 26","Targeted Killing","Bajaur, Khyber Pakhtunkhwa","1SF","0","","Lance Naik Hazrat Saeed of FC was killed in a targeted attack in Mamund, Bajaur.","https://www.facebook.com/share/p/1Ej6q9WSax/"
"01 Jul 26","Intel Based Operation","Nasirabad, Balochistan","2M","0","","Two BLA militants were killed in Nasirabad, Balochistan.","https://x.com/warfrontop/status/2072239624702034037"
"01 Jul 26","Intel Based Operation","North Waziristan, Khyber Pakhtunkhwa","1M","0","","A militant named Zubair, also known as Zulfiqar, was killed in Mir Ali, North Waziristan.","https://x.com/i/status/2072371883203588545"
"01 Jul 26","Armed Clash","Mastung, Balochistan","1SF","0","","FC soldier Israr Ahmed Lashari from Taunsa was killed during clashes in Dasht, Mastung.","https://www.facebook.com/100071965024983/posts/1027762232965935"
"01 Jul 26","Targeted Killing","Hangu, Khyber Pakhtunkhwa","1SF","0","","A police personnel from Elite Force was killed in a targeted killing in Hangu.","https://t.me/Insurgent_Zone/2234"
"01 Jul 26","Targeted Killing","Peshawar, Khyber Pakhtunkhwa","1IRR","0","","A peace committee member was killed in Badhbir, Peshawar.","https://t.me/Insurgent_Zone/2266"
"01 Jul 26","Sniper Attack","South Waziristan, Khyber Pakhtunkhwa","1SF","0","","Lance Naik Hassan Raza of the Pakistan Army was killed while on duty in Upper South Waziristan via a sniper attack. He was from Mandi Bahauddin district of Punjab.","https://www.facebook.com/100071965024983/posts/1027553819653443"
"30 Jun 26","Drone Strike","South Waziristan, Khyber Pakhtunkhwa","2SF","2SF","","Two FC personnel were killed and two injured in a drone strike in Wana, South Waziristan while on an IBO.","https://t.me/MappingConflictinPakistan/4192"
"30 Jun 26","Sniper Attack","Kurram, Khyber Pakhtunkhwa","1SF","0","","One FC personnel named Irfan was killed in a sniper attack in Kurram district.","https://t.me/Insurgent_Zone/2205"
"29 Jun 26","Checkpoint Attack","Chitral, Khyber Pakhtunkhwa","0","4SF","","Four FC personnel from Chitral Scouts were injured in an attack on a checkpost in Chitral.","https://t.me/Insurgent_Zone/2182"
"29 Jun 26","Grenade Attack","Harnai, Balochistan","0","6SF","","Six police personnel were injured in a grenade attack in Harnai, Balochistan.","https://t.me/Insurgent_Zone/2147"
"29 Jun 26","Targeted Killing","Bannu, Khyber Pakhtunkhwa","1SF","0","","One police personnel was killed in Miryan Bannu due to targeted killing.","https://t.me/Insurgent_Zone/2170"
"28 Jun 26","Intel Based Operation","Bajaur, Khyber Pakhtunkhwa","4M","0","","Four Jamaat-ul-Ahrar militants were killed during an intelligence-based operation by Pakistani forces in Bajaur including Commander Khan Farosh","https://www.reuters.com/world/asia-pacific/pakistan-forces-kill-29-militants-border-operation-ap-reports-2026-06-28/"
"28 Jun 26","Intel Based Operation","Khuzdar, Balochistan","2M","0","","Two BLA militants were killed in an intelligence-based operation in Zehri, Khuzdar.","https://t.me/Insurgent_Zone/2142"
"28 Jun 26","IED Explosion","Kech, Balochistan","1SF","1SF","","One Army personnel from a bomb disposal unit was killed and another critically injured in Kech.","https://t.me/Insurgent_Zone/2179"
"27 Jun 26","Intel Based Operation","Dera Ismail Khan, Khyber Pakhtunkhwa","2M","0","","Two TTP militants were killed in an intelligence-based operation in Kulachi, Dera Ismail Khan.","https://t.me/Insurgent_Zone/2080"
"27 Jun 26","IED Explosion","Quetta, Balochistan","0","4SF","","Four police personnel were injured when their vehicle was targeted in an IED blast in Quetta.","https://t.me/Insurgent_Zone/2093"
"27 Jun 26","Ambush","Ziarat, Balochistan","0","3SF","","Three police personnel were injured in an ambush in Ziarat.","https://t.me/Insurgent_Zone/2099"
"27 Jun 26","Suicide Attack","Central Karachi, Sindh","11SF
/
3M","7SF","","A suicide bombing on a Rangers Compound in Gulistan-e-Johar block, Karachi, resulted in the death of 11 Rangers personnel and injured 7 others.","https://www.aljazeera.com/news/2026/6/27/explosion-and-gunfire-reported-in-pakistans-karachi | https://x.com/Pakilad3/status/2071225791220781214?s=20"
"27 Jun 26","Drone Strike","South Waziristan, Khyber Pakhtunkhwa","1SF","3SF","","An Army personnel was killed in a mortar attack on a checkpost in Makin, South Waziristan. *Note mortar attacks claimed by TTP indicate Quadcopter strikes","https://t.me/Insurgent_Zone/2124"
"26 Jun 26","Ambush","Khuzdar, Balochistan","0","2SF","","Two anti-terrorism force personnel, including a Station House Officer, were injured in an ambush in Khuzdar.","https://t.me/Insurgent_Zone/2059"
"26 Jun 26","Intel Based Operation","Khuzdar, Balochistan","2M","0","","Two BLA militants were killed in an Intelligence Based Operation (IBO) in Zehri, Khuzdar.","https://t.me/Insurgent_Zone/2063"
"26 Jun 26","Intel Based Operation","Kharan, Balochistan","3M","0","","3 BLF militants were killed in an armed clash in the Sarawan area of Kharan, Balochistan.","https://t.me/Insurgent_Zone/2069"
"26 Jun 26","Intel Based Operation","Mastung, Balochistan","5M","0","","An IBO in Kili Padah, Mastung, resulted in the killing of four alleged militants, and one of them denoted himself.","https://x.com/warfrontop/status/2070532323389640787?s=20"
"26 Jun 26","Checkpoint Attack","Bajaur, Khyber Pakhtunkhwa","1M","0","","Security forces repelled an attack on a checkpoint in Waran Front, Bajaur, killing one militants.","https://x.com/warfrontop/status/2070532323389640787?s=20"
"26 Jun 26","Armed Clash","Tank, Khyber Pakhtunkhwa","1M","0","","One TTP militant was killed in an armed clash in Tank.","https://t.me/Insurgent_Zone/2079"
"26 Jun 26","Drone Strike","Chitral Lower, Khyber Pakhtunkhwa","1SF","3SF","","Sepoy Fareed of the Frontier Corps was killed in a drone attack on Orson Post 3337 near the Afghanistan border.","https://t.me/Insurgent_Zone/2062"
"26 Jun 26","Targeted Killing","Tank, Khyber Pakhtunkhwa","1SF","0","","A Frontier Corps (FC) personnel was shot and killed by unidentified assailants in Akbari village, Tank district, Khyber Pakhtunkhwa.","https://t.me/MappingConflictinPakistan/3990"
"26 Jun 26","Armed Clash","South Waziristan, Khyber Pakhtunkhwa","1SF","0","","Army personnel Adnan was killed in an armed clash in Wana, South Waziristan.","https://www.facebook.com/share/p/1LFMQBHB1j/"
"25 Jun 26","Other","Kalat, Balochistan","1SF","0","","A deputy director of the Airport Security Force (ASF) was kidnapped on 20 May and killed in Kalat, Balochistan.","https://www.arabnews.com/node/2648638/pakistan | https://t.me/MappingConflictinPakistan/3919"
"25 Jun 26","Targeted Killing","Kech, Balochistan","1IRR","0","","A pro-state militia member was killed in Turbat city, Kech district.","https://t.me/Insurgent_Zone/2046"
"25 Jun 26","Drone Strike","Lakki Marwat, Khyber Pakhtunkhwa","1SF","0","","A police personnel was killed in a drone strike on badarga security post, providing security to OGDCL Company in the Bettani area of Lakki Marwat.","https://t.me/Insurgent_Zone/2051"
"25 Jun 26","Targeted Killing","Peshawar, Khyber Pakhtunkhwa","1SF","0","","A police personnel was killed in a targeted killing incident in Badhbir, Peshawar.","https://t.me/MappingConflictinPakistan/3928"
"24 Jun 26","Intel Based Operation","Kharan, Balochistan","4M","0","","FC Balochistan (South) allegedly killed 4 BLA militants in an operation in Sarawan, Kharan who belonged to the Qaher Drone force of BLA.","https://x.com/FCBln_South/status/2070216827981242558"
"24 Jun 26","Ambush","Khyber, Khyber Pakhtunkhwa","2M","0","","Two ISKP militants were killed in an ambush in Khyber district.","https://t.me/Insurgent_Zone/2047"
"24 Jun 26","Armed Clash","Tank, Khyber Pakhtunkhwa","1SF
/
2M","3SF","","An armed clash in Gomal, Tank resulted in the death of one SOG personnel and injuries to three others. Two militants were also killed in the incident.","https://t.me/Insurgent_Zone/2019"
"24 Jun 26","Drone Strike","Bannu, Khyber Pakhtunkhwa","0","2SF","","Two FC personnel were injured in a drone strike on Huwaid Police Station in Miryan Bannu.","https://t.me/MappingConflictinPakistan/3881"
"24 Jun 26","Encounter","Dir Lower, Khyber Pakhtunkhwa","6M","0","","CTD and Police conducted a joint operation in Lower Dir, resulting in the elimination of six TTP militants. Three of the militants were identified as Khalil ur Rehman alias Saddam, Najamuddin alias Abu dujana, and Kifayatulla. They were implicated in various attacks, including the recent assault on the Badwan Bridge police post.","https://x.com/JawadYousufxai/status/2069658839792923021"
"23 Jun 26","Intel Based Operation","Kharan, Balochistan","2M","0","","Two BLF militants were killed in Kharan, Balochistan.","https://t.me/Insurgent_Zone/2007"
"22 Jun 26","Intel Based Operation","Kech, Balochistan","4M","0","","Four militants were killed during an intelligence-based operation in Turbat.","https://t.me/Insurgent_Zone/1977"
"22 Jun 26","Intel Based Operation","Chagai, Balochistan","5M","0","","FC Balochistan (South) conducted an operation in Dalbandin, eliminating 5 BLF militants.","https://x.com/FCBln_South/status/2069036874325500026"
"22 Jun 26","Intel Based Operation","Kech, Balochistan","7M","0","","Security forces conducted an operation in Hoshab, Balochistan, killing 7 BLF Militants","https://x.com/FCBln_South/status/2068937841099550784"
"22 Jun 26","Intel Based Operation","Bajaur, Khyber Pakhtunkhwa","1M","0","","A TTP militant named Mehmud alias Hamad was killed in Bajaur.","https://t.me/Insurgent_Zone/1983"
"21 Jun 26","IED Explosion","Karak, Khyber Pakhtunkhwa","0","1SF","","A Station House Officer (SHO) was injured in an IED blast in Karak.","https://t.me/Insurgent_Zone/1962"
"21 Jun 26","Intel Based Operation","Lakki Marwat, Khyber Pakhtunkhwa","1M","0","","A militant named Daud, also known as Zeeshan, was killed in Lakki Marwat.","https://t.me/Insurgent_Zone/1972"
"21 Jun 26","Drone Strike","Lakki Marwat, Khyber Pakhtunkhwa","0","1SF","","Naib Subedar Karamat was injured in a drone strike on a Frontier Corps checkpost in Takhtikhel, Lakki Marwat.","https://t.me/Insurgent_Zone/1968"
"21 Jun 26","Targeted Killing","North Waziristan, Khyber Pakhtunkhwa","1IRR","0","","One pro-state militia member was killed in Mir Ali, North Waziristan.","https://t.me/Insurgent_Zone/1970"
"21 Jun 26","Targeted Killing","Kachhi, Balochistan","1SF","0","","An ASI was killed in Dhadar Kacchi, Balochistan in a targeted killing incident.","https://t.me/Insurgent_Zone/1947"
"21 Jun 26","Ambush","North Waziristan, Khyber Pakhtunkhwa","5SF","7SF","","Five FC soldiers were killed in Dossaali, North Waziristan.","https://x.com/LairsW54332/status/2068640519304192256?s=20"
"20 Jun 26","IED Explosion","Bannu, Khyber Pakhtunkhwa","6IRR","5SF","","The TTP claimed responsibility for an IED attack in Bannu district targeting a local peace committee head, Aala Noor. Six individuals, including Noor, were reportedly killed.","https://t.me/Insurgent_Zone/1930"
"19 Jun 26","Drone Strike","Lakki Marwat, Khyber Pakhtunkhwa","2IRR","13SF","","A drone strike targeted a meeting of local elders at the hujra of former nazim Khalid Raza in Khairo Khel, Lakki Marwat, injuring 13 people.","https://x.com/LalWazir19/status/2067994216991723657"
"19 Jun 26","Other","Quetta, Balochistan","1SF","0","","One FC personnel was killed in Quetta.","https://www.facebook.com/share/p/1JCfPVA6jJ/"
"19 Jun 26","Sniper Attack","Khyber, Khyber Pakhtunkhwa","1SF","0","","An army personnel was killed in a sniper attack in Tirah Maidan.","https://www.facebook.com/share/v/18sHWdfphN/"
"18 Jun 26","Intel Based Operation","Tank, Khyber Pakhtunkhwa","1M","0","","One TTP militant was killed in Tank.","https://t.me/Insurgent_Zone/1859"
"18 Jun 26","Checkpoint Attack","Dir Lower, Khyber Pakhtunkhwa","1SF","3SF","","A police constable was killed and three others were seriously injured in an attack on a checkpost in Dir Lower.","https://www.nation.com.pk/19-Jun-2026/constable-killed-two-traffic-wardens-injured-lower-dir | https://t.me/Insurgent_Zone/1848"
"18 Jun 26","Armed Clash","Dir Lower, Khyber Pakhtunkhwa","0","2SF","","Two traffic police personnel were injured in a firing incident in Lower Dir.","https://t.me/Insurgent_Zone/1861"
"18 Jun 26","Drone Strike","Lakki Marwat, Khyber Pakhtunkhwa","0","3SF","","A drone strike on a police checkpost in Ghaznikhel, Lakki Marwat, resulted in 3 police personnel being injured.","https://t.me/MappingConflictinPakistan/3651"
"18 Jun 26","Targeted Killing","Nushki, Balochistan","1SF","0","","CTD officer Mama Afzal Hasni was killed in Nushki.","https://t.me/Insurgent_Zone/1861"
"17 Jun 26","Armed Clash","Poonch, Azad Jammu & Kashmir","1SF","3SF","","One Federal Constabulary personnel was killed and three others were injured in a firing raid in Rawalakot, Poonch, Azad Kashmir.","https://t.me/Insurgent_Zone/1829"
"17 Jun 26","Armed Clash","Kohat, Khyber Pakhtunkhwa","3M","0","","A CTD Swat team responded to intelligence about militants allegedly setting up a checkpoint on Shakardara Road. An exchange of fire ensued, resulting in the death of three suspected TTP militants in Kohat district","https://www.dawn.com/news/2008538/6-suspected-terrorists-killed-by-kp-ctd-in-2-separate-operations"
"17 Jun 26","Armed Clash","Charsadda, Khyber Pakhtunkhwa","3M","0","","Three militants identified as Hayat Khan alias Hayatullah, Asim, and Aminullah alias Muawiya alias Qari, were killed in an armed clash with CTD personnel in Shabqadar, Charsadda. The militants were reportedly wanted in several cases.","https://www.dawn.com/news/2008538/6-suspected-terrorists-killed-by-kp-ctd-in-2-separate-operations"
"17 Jun 26","Drone Strike","Peshawar, Khyber Pakhtunkhwa","1M","0","","A TTP militant was killed in a drone strike in Hasankhel, Peshawar.","https://t.me/Insurgent_Zone/1866"
"17 Jun 26","Armed Clash","Bannu, Khyber Pakhtunkhwa","2M","0","","Two IMP militants were killed in Bannu.","https://t.me/Insurgent_Zone/1863"
"16 Jun 26","Armed Clash","Attock, Punjab","5M","0","","Five TTP militants were killed in Attock.","https://www.dawn.com/news/2008293/5-suspected-terrorists-killed-during-intelligence-based-operation-in-attock-ctd"
"15 Jun 26","Armed Clash","Nasirabad, Balochistan","5M","0","","Five militants belonging to BRG were killed in Nasirabad.",""
"15 Jun 26","IED Explosion","Bajaur, Khyber Pakhtunkhwa","1SF","3SF","","Army personnel Ghulam Abbas was killed in an IED blast in Salarzai.","https://www.facebook.com/share/p/18tQx5DUvF/"
"15 Jun 26","Armed Clash","Panjgur, Balochistan","1M","0","","One TTP militant was killed during clashes in Pangur.","https://t.me/MappingConflictinPakistan/3562"
"15 Jun 26","Other","Bannu, Khyber Pakhtunkhwa","4IRR","0","","Four Taliban members were killed in Domel, Bannu district.","https://t.me/Insurgent_Zone/1797"
"15 Jun 26","Drone Strike","Tank, Khyber Pakhtunkhwa","1IRR","0","","A peace militia member was killed in a drone strike in Tank.","https://t.me/Insurgent_Zone/1783"
"15 Jun 26","Targeted Killing","Lakki Marwat, Khyber Pakhtunkhwa","4IRR","0","","Four peace committee members were killed in Lakki Marwat.","https://t.me/Insurgent_Zone/1786"
"15 Jun 26","Targeted Killing","Peshawar, Khyber Pakhtunkhwa","1SF","0","","A police personnel was shot dead in Hasankhel, Peshawar.","https://t.me/MappingConflictinPakistan/3560"
"15 Jun 26","Sniper Attack","South Waziristan, Khyber Pakhtunkhwa","1SF","0","","One FC personnel was killed in a sniper attack in South Waziristan.","https://www.facebook.com/share/p/1Cf2xqvqRN/"
"15 Jun 26","Ambush","South Waziristan, Khyber Pakhtunkhwa","2SF","7SF","","Two Bomb Disposal Unit members from FC were killed in Toi Khullah, South Waziristan.","https://t.me/MappingConflictinPakistan/3539"
"15 Jun 26","Ambush","Dera Ismail Khan, Khyber Pakhtunkhwa","3SF","10SF","","Three security personnel were killed in an ambush in Daraban, Dera Ismail Khan.","https://t.me/MappingConflictinPakistan/3537"
"15 Jun 26","Ambush","North Waziristan, Khyber Pakhtunkhwa","3SF","2SF","","Three FC personnel were killed in an ambush in Miranshah, North Waziristan.","https://www.facebook.com/permalink.php?story_fbid=pfbid02hF4LsiNya2ZgRYeZHPFcattPAnJ8XdGAZBUUQ9bc8DzzKqtxMxAfwDQEd3rsRZf4l&id=100064127350297"
"14 Jun 26","Armed Clash","Panjgur, Balochistan","1SF","0","","One FC personnel, Bilal Ahmed, was killed in armed clashes in Panjgur.","https://www.facebook.com/share/p/1JQURSpZGn/"
"14 Jun 26","Checkpoint Attack","Kurram, Khyber Pakhtunkhwa","0","17SF","","17 police personnel were injured in an attack on a police station in Sada, Central Kurram.","https://t.me/Insurgent_Zone/1765"
"14 Jun 26","Drone Strike","North Waziristan, Khyber Pakhtunkhwa","0","6SF","","6 FC personnel were injured in a quadcopter strike in Spinwam, North Waziristan.","https://t.me/Insurgent_Zone/1771"
"14 Jun 26","Armed Clash","Panjgur, Balochistan","3M","0","","Three Baloch militants were killed by security forces in Panjgur.","https://t.me/Insurgent_Zone/1751"
"14 Jun 26","Suicide Attack","Dera Ghazi Khan, Punjab","3SF","6SF","","A missile attack on Jhangi Checkpost in Taunsa Sharif, Dera Ghazi Khan, resulted in the death of 3 police personnel and injured 6 others.","https://t.me/Insurgent_Zone/1766"
"13 Jun 26","Other","North Waziristan, Khyber Pakhtunkhwa","3SF","5SF","","Three personnel, including a captain, were killed and five others, including a major, were injured in North Waziristan when their vehicle's tire burst.","https://x.com/i/status/2065777278160978226"
"13 Jun 26","Armed Clash","Kech, Balochistan","2M","0","","Frontier Corps killed two BLA militants in Buleda, Kech.","https://t.me/Insurgent_Zone/1761"
"13 Jun 26","Other","Bannu, Khyber Pakhtunkhwa","1M","0","","A militant was killed in Bannu.","https://t.me/Insurgent_Zone/1717"
"13 Jun 26","Sniper Attack","Kurram, Khyber Pakhtunkhwa","1SF","0","","FC personnel Ruman was killed in a sniper attack in Central Kurram.","https://www.facebook.com/share/v/1E9HXPAJsc/"
"13 Jun 26","Armed Clash","Quetta, Balochistan","1SF","2SF","","One police personnel was killed and two others were injured in a firing raid in Quetta.","https://t.me/Insurgent_Zone/1714"
"12 Jun 26","Armed Clash","Kurram, Khyber Pakhtunkhwa","1M","0","","Abdullah Mangal, a militant, was killed during clashes in Central Kurram.","https://t.me/Insurgent_Zone/1702"
"12 Jun 26","Targeted Killing","Bannu, Khyber Pakhtunkhwa","1SF","0","","A police constable was shot dead in Bannu.","https://t.me/Insurgent_Zone/1679"
"12 Jun 26","Drone Strike","Bannu, Khyber Pakhtunkhwa","1M","0","","A militant named Abubakr was killed in a drone strike in Bakakhel, Bannu.","https://x.com/War_Analysts/status/2065377324460057076?s=20"
"12 Jun 26","IED Explosion","Lakki Marwat, Khyber Pakhtunkhwa","0","1SF","","A police APC was targeted by an IED blast in Ghaznikhel, Lakki Marwat, injuring one police personnel.","https://t.me/Insurgent_Zone/1682"
"12 Jun 26","Suicide Attack","Lakki Marwat, Khyber Pakhtunkhwa","1IRR","7SF","","A suicide bombing near a mosque in Lakki Marwat killed 1 peace militia member and 1 civilian, and injured 10 civilians.","https://t.me/Insurgent_Zone/1693"
"12 Jun 26","Other","Kachhi, Balochistan","1SF","0","","FC Subedar Muhammad Zaman was killed in Mach, Balochistan.","https://www.facebook.com/share/p/18RuAPPNEm/"
"12 Jun 26","IED Explosion","Mastung, Balochistan","1SF","0","","Two FC personnel were killed in an IED blast in Mastung.","https://www.facebook.com/share/1Ckn3KibMy/"
"11 Jun 26","Armed Clash","North Waziristan, Khyber Pakhtunkhwa","24M","0","","In an ongoing operation in Mianshah, North Waziristan, 24 militants from IMP and TTP were killed.",""
"11 Jun 26","Targeted Killing","Karak, Khyber Pakhtunkhwa","1SF","0","","A police constable, Naseerullah Khan, was killed in Karak.","https://t.me/MappingConflictinPakistan/3380"
"11 Jun 26","Targeted Killing","Bannu, Khyber Pakhtunkhwa","1SF","0","","A police constable named Roshan was killed outside his home in Bakakhel, Bannu.","https://t.me/Insurgent_Zone/1678"
"10 Jun 26","Drone Strike","Karak, Khyber Pakhtunkhwa","0","9SF","","A drone strike on a police station in Karak injured 8 police personnel and 1 fc personnel.","https://m.facebook.com/story.php?story_fbid=pfbid04NBAdogGAdPePd6ULV2bKQVaTptg1VNX63JNyT8ovCNkaiW5q1XMXZUeDzRWHhnZl&id=61552227501308&mibextid=CDWPTG"
"10 Jun 26","Other","Muzaffarabad, Azad Jammu & Kashmir","22SF","0","","22 Pakistani security force personnel, including 3 officers and 19 soldiers, were killed in a helicopter crash in Muzzafarabad, AJK. All casualties were from 21 Avn Sqn, SOW, and 2 Wing Rangers units.","https://www.reuters.com/world/asia-pacific/military-helicopter-crash-pakistani-kashmir-killed-22-security-sources-say-2026-06-11/"
"10 Jun 26","Targeted Killing","Panjgur, Balochistan","2IRR","0","","Two pro-state militia members were killed in Panjgur.","https://t.me/Insurgent_Zone/1653"
"09 Jun 26","Grenade Attack","Peshawar, Khyber Pakhtunkhwa","0","1SF","","One police personnel was seriously injured in a grenade attack on the Badhbir police station.",""
"09 Jun 26","Armed Clash","Dera Bugti, Balochistan","0","2SF","","Two FC personnel were injured in armed clashes in Dera Bugti.","https://x.com/i/status/2064238659847504339"
"09 Jun 26","Checkpoint Attack","Peshawar, Khyber Pakhtunkhwa","6SF","6SF","","6 federal constabulary personnel were killed and 6 more were injured, and 8 personnel were abducted in an attack on a check post in Hasankhel, Peshawar.","https://www.facebook.com/share/1CZ3Z3gCKs/"
"09 Jun 26","Armed Clash","Duki, Balochistan","1SF","1SF","","An attack on a police station in Duki resulted in the death of one police personnel and serious injury to another.","https://www.facebook.com/share/p/1E8vy3Bb1Q/"
"08 Jun 26","Armed Clash","Khuzdar, Balochistan","1SF
/
14M","0","","One FC personnel was killed and 14 BLF militants were killed in an intelligence-based operation in Naal, Khuzdar.","https://www.facebook.com/share/p/1LQzsftEpC/"
"08 Jun 26","Armed Clash","Dera Ismail Khan, Khyber Pakhtunkhwa","2M","0","","Two militants were killed in Dera Ismail Khan.","https://t.me/Insurgent_Zone/1596?single"
"08 Jun 26","Targeted Killing","South Waziristan, Khyber Pakhtunkhwa","1IRR","0","","A pro-state militia member was killed in Makin, South Waziristan.","https://t.me/Insurgent_Zone/1601?single"
"08 Jun 26","Ambush","Swat, Khyber Pakhtunkhwa","1SF
2IRR","0","","One police personnel and two pro-state militia members were killed in an RPG attack in Matta, Swat. The attack targeted security forces.","https://t.me/Insurgent_Zone/1599"
"07 Jun 26","Armed Clash","North Waziristan, Khyber Pakhtunkhwa","20M","0","","18 militants were killed in an IBO operation in Miranshah, North Waziristan.","https://t.me/Insurgent_Zone/1580"
"07 Jun 26","Targeted Killing","Hangu, Khyber Pakhtunkhwa","1SF","0","","Police constable Sher Nawaz was killed in a targeted killing in Hangu.","https://www.facebook.com/share/1EEo2Wwsid/"
"07 Jun 26","Armed Clash","Poonch, Azad Jammu & Kashmir","4SF","89SF","","Four security personnel (3 police, 1 federal constabulary) were killed and 20 injured in a firing incident in Rawalakot.","https://x.com/i/status/2063670865032810784"
"06 Jun 26","Intel Based Operation","Dera Ghazi Khan, Punjab","1SF
/
2M","0","","Two militants affiliated with the Pakistani Taliban, identified as Arshad and another known as Abu Bakr/Umar, were killed in the Qaisarani tribal area of Dera Ghazi Khan, Punjab.","https://x.com/Global_Decipher/status/2063208760026517965"
"06 Jun 26","Drone Strike","Khyber Pakhtunkhwa","2M","0","","Two TTP militants were killed in an operation in Akakhel Bara.","https://t.me/Insurgent_Zone/1557"
"06 Jun 26","Armed Clash","Killa Abdullah, Balochistan","2M","1SF","","Militants attacked a police patrolling party in Killa Abdullah, injuring one constable. Two militants were killed in retaliation.","https://t.me/Insurgent_Zone/1558"
"06 Jun 26","Sniper Attack","Gwadar, Balochistan","1SF","0","","An FC personnel was killed by a sniper in Gwadar.","https://www.facebook.com/share/1CoPK5DdVj/"
"06 Jun 26","IED Explosion","Kech, Balochistan","2SF","0","","A Lieutenant Colonel was killed in an IED blast in Turbat, Kech.","https://x.com/i/status/2063559685559771331"
"05 Jun 26","Targeted Killing","South Waziristan, Khyber Pakhtunkhwa","1SF","0","","Unknown assailants killed two sons of Malik Jameel Wazir in Krikot, South Waziristan. One of the victims was a police personnel.","https://www.dawn.com/news/2005488"
"05 Jun 26","Targeted Killing","Khyber, Khyber Pakhtunkhwa","1SF","0","","An army personnel was shot dead by unknown assailants in Landi Kotal, Khyber while on leave.","https://t.me/Insurgent_Zone/1544"
"05 Jun 26","Targeted Killing","Khyber, Khyber Pakhtunkhwa","1SF","0","","Lance Naik Babar was killed in a sniper attack in Tirah Maidan, Khyber.","https://www.facebook.com/share/1EWd56bKCu/"
"05 Jun 26","Ambush","Lakki Marwat, Khyber Pakhtunkhwa","1SF","6SF","","An ambush on a military convoy in Tajuri, Lakki Marwat, resulted in the death of 1 army personnel and injuries to 6 others.","https://www.facebook.com/share/1WX8fFZuPW/"
"04 Jun 26","Armed Clash","Mohmand, Khyber Pakhtunkhwa","2M","0","","Two TTP militants were killed in an intelligence-based operation in Halimzai, Mohmand.","https://t.me/Insurgent_Zone/1522"
"04 Jun 26","Armed Clash","Dera Ismail Khan, Khyber Pakhtunkhwa","2M","0","","Two TTP militants were killed in Kulachi Dera Ismail Khan.","https://t.me/Insurgent_Zone/1501?single"
"04 Jun 26","Armed Clash","Panjgur, Balochistan","6M","0","","Six Baloch separatists were killed by security forces in Panjgur.","https://t.me/Insurgent_Zone/1530"
"04 Jun 26","Armed Clash","Chagai, Balochistan","2M","0","","Two Baloch separatists were killed in an intelligence-based operation in Dalbandin.","https://t.me/Insurgent_Zone/1509"
"04 Jun 26","Armed Clash","South Waziristan, Khyber Pakhtunkhwa","0","1SF","","One police personnel was seriously injured in an attack by unknown assailants in Wana, South Waziristan.","https://t.me/Insurgent_Zone/1525"
"03 Jun 26","Targeted Killing","North Waziristan, Khyber Pakhtunkhwa","1SF","0","","An army soldier, Muhammad Imran, was killed in a sniper attack in North Waziristan.","https://www.facebook.com/share/1Dujft7baz/"
"03 Jun 26","Ambush","South Waziristan, Khyber Pakhtunkhwa","1SF","0","","Army personnel Jalal Khan was killed in an ambush by militants in Spinkai Raghzai, South Waziristan.","https://www.facebook.com/share/v/16wokcx8W4/"
"03 Jun 26","Targeted Killing","Ghizer, Gilgit-Baltistan","1SF","0","","Unknown assailants shot and killed a Naib Subedar and a civilian in the Yasin Valley area of Ghizer district.","https://www.facebook.com/share/p/18mJfNxyLJ/"
"02 Jun 26","Armed Clash","Chaman, Balochistan","0","1SF","","A police officer was injured in a firing incident by unidentified assailants on the Mall Road in Chamana town, Chaman district, Balochistan. The officer was shifted to a hospital and is reportedly out of danger.","https://t.me/mappingconflictinpakistan/3074"
"02 Jun 26","Targeted Killing","Peshawar, Khyber Pakhtunkhwa","1SF","0","","A Counter-Terrorism Department (CTD) official was killed in a targeted killing incident in the Passani area of Badhber, Peshawar.","https://www.facebook.com/share/v/18UhoqFJq2/"
"02 Jun 26","IED Explosion","Nushki, Balochistan","2SF","0","","A security forces vehicle was targeted by a bomb in Nushki district, resulting in the death of Havaldar Waqar Saleem and Sepoy Adnan fareed","https://t.me/Insurgent_Zone/1481"
"02 Jun 26","Other","Karachi, Sindh","1SF","0","","A police officer who sustained injuries during the February 17 attack on the Karachi Police Office succumbed to his wounds.","https://www.facebook.com/share/18YbU8U2gH/"
"01 Jun 26","IED Explosion","Kohat, Khyber Pakhtunkhwa","0","1SF","","An IED targeted a police mobile van carrying SHO Ishtiaq Babu and other personnel in Dara Adamkhel. The vehicle was damaged but all personnel were unharmed with no casualties reported.","https://t.me/insurgent_zone/1446"
"01 Jun 26","Armed Clash","North Waziristan, Khyber Pakhtunkhwa","1SF","1SF","","One SSG soldier was killed and an SSG major was injured during armed clashes in Miranshah, North Waziristan.","https://www.facebook.com/share/1B9Vm1SAXB/"
"01 Jun 26","Drone Strike","Bannu, Khyber Pakhtunkhwa","1M","0","","A militant named Shahidullah Wazir was killed in a drone strike in Bakakhel, Bannu.","https://t.me/Insurgent_Zone/1438"
"01 Jun 26","Targeted Killing","Tank, Khyber Pakhtunkhwa","1SF","0","","Police constable Hezbollah Gandapur was shot dead by unidentified gunmen at his residence in Tank district.","https://www.facebook.com/share/17wEfWFvPS/"
"01 Jun 26","Other","Dera Ismail Khan, Khyber Pakhtunkhwa","1IRR","1SF","","TTP claimed responsibility for killing one pro-state militia member, Gulistan, and injuring another, Saadullah, in Dera Ismail Khan city. TTP stated the individuals were involved in killing two of their militants.","https://t.me/insurgent_zone/1486"
"31 May 26","Targeted Killing","Bajaur, Khyber Pakhtunkhwa","1SF","0","","An FC personnel and a civilian were killed while another person was injured during a firing incident in the Mamund area of Bajaur.","https://t.me/Insurgent_Zone/1432?single"
"31 May 26","Checkpoint Attack","Lakki Marwat, Khyber Pakhtunkhwa","0","1SF","","Militants opened fire on a 225 Wing post in Lakki Marwat district, injuring Frontier Corps Sepoy Tareef Ullah.","https://t.me/insurgent_zone/1435"
"31 May 26","Targeted Killing","Kech, Balochistan","1SF","0","","Frontier Corps personnel Nisaro Ahmed was killed in the Gorkop area of Balochistan.","https://www.facebook.com/share/p/14iYUpDRW4C/"
"31 May 26","Ambush","Larkana, Sindh","1SF","1SF","","Unidentified armed individuals opened fire on police officers patrolling near Ghanti Phatak, Larkana. Officer Mujeeb-ur-Rehman Solangi was killed and Officer Nematullah Memon was seriously injured. Police have cordoned off the area and initiated a search operation.","https://t.me/insurgent_zone/1427"
"30 May 26","Targeted Killing","Dera Ismail Khan, Khyber Pakhtunkhwa","1SF","0","","Muhammad Owais, an employee of FC Khyber Pakhtunkhwa, was abducted from a bus and killed by unknown individuals near Sheikh Gate in Tehsil Kulachi while returning to duty after Eid holidays.","https://t.me/insurgent_zone/1412"
"29 May 26","Targeted Killing","Dera Ismail Khan, Khyber Pakhtunkhwa","1SF","0","","A Frontier Corps Balochistan soldier named Iqbal was shot dead by unidentified gunmen while on leave in the Kulachi area of Dera Ismail Khan.","https://x.com/i/status/2060218622547779744"
"29 May 26","Armed Clash","Kohat, Khyber Pakhtunkhwa","2SF","7SF","","Two army personnel were killed and seven others injured during armed clashes with militants in the Tor Chappar area of Dara Adam Khel.","https://x.com/i/status/2060316482916188340"
"27 May 26","Armed Clash","Washuk, Balochistan","1IRR","0","","An armed attack on a suspected hideout of Muhammad Bukhsh Sumalani, a pro-state militia commander, in the Sajid area of Basima tehsil, Washuk, resulted in his death and injuries to several others.","https://t.me/insurgent_zone/1381"
"25 May 26","Drone Strike","North Waziristan, Khyber Pakhtunkhwa","0","3SF","","Three FC personnel were seriously injured in a Quadcopter strike in Janikhel bazar of Dosali, North Waziristan.",""
"25 May 26","Ambush","Dera Ismail Khan, Khyber Pakhtunkhwa","0","6SF","","Six personnel were injured in an ambush in Kulachi, Dera Ismail Khan, and were subsequently shifted to CMH DIK.","https://t.me/Insurgent_Zone/1340"
"25 May 26","Targeted Killing","Bannu, Khyber Pakhtunkhwa","1SF","0","","An Frontier Corps (FC) personnel was shot dead by unidentified assailants in the Sardikhel area of Bakakhel, Bannu.","https://www.facebook.com/share/p/1QWss5PiGo/"
"24 May 26","Suicide Attack","Quetta, Balochistan","40SF","76SF","","A vehicle-borne improvised explosive device (VBIED) targeted a train in Quetta, killing 40 army personnel and 10 others, while injuring 106.","https://www.cbc.ca/news/world/pakistan-train-bombing-9.7210317 | https://x.com/bashirgwakh/status/2058512645192368381?s=20"
"24 May 26","Targeted Killing","Panjgur, Balochistan","1SF","0","","Police Constable Shah Hussain was shot dead by militants in Panjgur, Balochistan.","https://www.facebook.com/share/p/18evwr2DQf/"
"24 May 26","Targeted Killing","Dera Ismail Khan, Khyber Pakhtunkhwa","1SF","0","","An FC personnel named Abil Afridi was shot dead by unknown assailants in Dera Ismail Khan.","https://www.facebook.com/share/1DG177TRqv/"
"24 May 26","Armed Clash","North Waziristan, Khyber Pakhtunkhwa","2SF","0","","FC personnel Jawad Ahmed and Army personnel Usman were killed during clashes with militants in the Zerki area of Mirali.","https://www.facebook.com/share/p/1GEnKz9b84/"
"23 May 26","Ambush","Dera Ismail Khan, Unknown","4IRR","7SF","","TTP claims responsibility for an ambush on a local peace committee in Atal Sharif, Kulachi, Dera Ismail Khan, killing four operatives and injuring several others. Militants reportedly seized four Kalashnikovs, one M4 rifle, one laser gun, two rocket launchers, and four motorcycles.","https://t.me/insurgent_zone/1256 | https://x.com/LalWazir19/status/2058428871972937744"
"23 May 26","Armed Clash","Bannu, Khyber Pakhtunkhwa","3SF","10SF","","Three security personnel, including two police and one FC member, were killed and ten others injured during clashes with militants in Miryan, Bannu.","https://www.facebook.com/share/v/1B58mfC2hr/"
"23 May 26","Armed Clash","Quetta, Balochistan","4SF","7SF","","Four Counter-Terrorism Department (CTD) personnel were killed and seven others injured during clashes with militants in the Nohsar and Panjpai areas of Quetta.","https://x.com/Info_Balochistn/status/2058229879401771023?s=20"
"22 May 26","Targeted Killing","Khyber Agency, Khyber Pakhtunkhwa","1SF","0","","Police officer Musmi Akakhel was killed in a targeted firing by unknown motorcyclists in the Klangha Bypass area of Bara, Khyber Agency.","https://x.com/afridi5533/status/2057708538378834430?s=20"
"21 May 26","IED Explosion","Nasirabad, Balochistan","0","4SF","","An IED blast targeted a police vehicle in Dera Murad Jamali, injuring at least 4 police personnel and 11 civilians.","https://x.com/Info_Balochistn/status/2057427457427509278?s=20"
"21 May 26","Checkpoint Attack","Orakzai, Khyber Pakhtunkhwa","1SF","2SF","","Rebels associated with the Tehrik e Taliban Pakistan (TTP) attacked the Kot Ziarat post in Orakzai district, Khyber Pakhtunkhwa, resulting in the death of Frontier Corps soldier Saqib.","https://t.me/s/MappingConflictinPakistan"
"20 May 26","Armed Clash","Pishin, Balochistan","0","3SF","","Three Anti Terrorist Force police personnel were injured in an attack in Pishin.","https://x.com/Info_Balochistn/status/2057123261717291106?s=20"
"20 May 26","Drone Strike","Bannu, Khyber Pakhtunkhwa","1SF","0","","An army personnel named Raheel Akram was killed in a drone strike on a security post in Janikhel, Bannu.","https://www.facebook.com/share/p/1HqXU7x3q2/"
"20 May 26","Armed Clash","North Waziristan, Khyber Pakhtunkhwa","2SF","5SF","","An armed clash in Spinwam, North Waziristan resulted in 1 army personnel killed, 1 FC personnel killed, and 5 army personnel injured.","https://www.facebook.com/share/r/189RaQxZfX/"
"19 May 26","Targeted Killing","Bajaur, Khyber Pakhtunkhwa","1SF","0","","A police constable named Imtiaz was killed in Mamund, Bajaur.","https://x.com/BilalYasirBjr/status/2056753854465630650?s=20"
"19 May 26","IED Explosion","Khyber, Khyber Pakhtunkhwa","1SF","2SF","","An IED targeted the 232 wing of Pakistani forces in Tirah, Khyber district, resulting in the death of Soldier Irfanullah and injuries to a Captain and an NCO.","https://t.me/MappingConflictinPakistan/2921"
"19 May 26","Targeted Killing","Balochistan","1SF","0","","An FC personnel named Siddique Mir, who was injured in Balochistan, has succumbed to his injuries and died.","https://www.facebook.com/share/v/14fmEAcgM19/"
"19 May 26","Targeted Killing","Kech, Balochistan","1SF","0","","Unidentified assailants opened fire on CTD officer Shabbir Ahmed Askani near Naveed Service in Dashti Bazar, Malikabad, who subsequently succumbed to his injuries.","https://x.com/i/status/2056695448220623182"
"19 May 26","Targeted Killing","Peshawar, Khyber Pakhtunkhwa","1SF","0","","A Frontier Corps personnel, Sepoy Muhammad Kamran, was shot dead by unidentified assailants in Darmangi Machni Gate, Peshawar district, while on leave.","https://t.me/mappingconflictinpakistan/2942"
"18 May 26","Ambush","Karachi, Sindh","0","2SF","","Two police personnel were injured in a firing raid in Memon Goth, East Karachi.","https://t.me/Insurgent_Zone/1869"
"18 May 26","Targeted Killing","Bajaur, Khyber Pakhtunkhwa","1SF","0","","Police constable Syed Aziz was killed in a targeted attack in Salarzai Tehsil, Bajaur.","https://www.facebook.com/share/p/1G2hgJ2vcm/"
"18 May 26","Targeted Killing","Bajaur, Khyber Pakhtunkhwa","1SF","0","","A police constable named Qadir Khan was shot dead by unknown assailants in Salarzai, Bajaur.","https://www.facebook.com/share/1DDHSTEKzs/"
"18 May 26","Targeted Killing","Dera Ismail Khan, Khyber Pakhtunkhwa","1SF","0","","Police officer Abdul Aziz was killed by unknown assailants in front of Yarak Police Station, Dera Ismail Khan.","https://www.facebook.com/share/p/1CeWJoB1jg/"
"18 May 26","Ambush","Kech, Balochistan","3SF","3SF","","Three army personnel were killed in the Kolwa area of Kech district when their vehicle was ambushed.","https://x.com/Info_Balochistn/status/2056403947703947707?s=20"
"18 May 26","Targeted Killing","Tank, Khyber Pakhtunkhwa","1SF","0","","FC personnel Mujeeb was shot dead by unknown assailants in the Ali Khel area of Tank district.","https://www.facebook.com/share/p/1UFkRZQYoD/"
"17 May 26","IED Explosion","South Waziristan, Khyber Pakhtunkhwa","1SF","7SF","","An IED blast targeted a 131 WIng vehicle in the Shawal area of South Waziristan, resulting in one personnel killed and seven others, including a major, injured.","https://t.me/mappingconflictinpakistan/2846"
"17 May 26","Ambush","Mand, Balochistan","1SF","2SF","","Rebels attacked Frontier Corps personnel in Mand, Tump district, Balochistan, near the Iranian border, killing one FC soldier. The incident occurred around 9 am local time.","https://t.me/mappingconflictinpakistan/2840"
"16 May 26","Targeted Killing","Peshawar, Khyber Pakhtunkhwa","0","1SF","","A Police RPO was seriously injured in an attack in Badhbir, Peshawar.","https://t.me/Insurgent_Zone/3816"
"16 May 26","Targeted Killing","Tank, Khyber Pakhtunkhwa","2SF","0","","Two Frontier Corps (FC) personnel from Balochistan were shot dead by unidentified assailants in Gara Pathar, Tank district of Khyber Pakhtunkhwa while they were on leave.","https://www.facebook.com/share/p/1HhxLU92Lg/"
"16 May 26","Targeted Killing","Kech, Balochistan","1SF","0","","Armed assailants opened fire on Lady Constable Shahkeela, her husband, and child near Absar research farm in Turbat, Kech district. Shahkeela was killed, and her husband and child were injured.","https://t.me/mappingconflictinpakistan/2809"
"16 May 26","Armed Clash","Unknown","1SF","0","","A claim of a Pakistani soldier, Aqib Khan, killed by Afghan border forces on the Durand Line.","https://t.me/mappingconflictinpakistan/2805"
"16 May 26","Targeted Killing","Karachi, Sindh","1SF","2SF","","A police mobile vehicle was targeted by gunfire near Jamali Bridge, Karachi, on the night of May 16, 2026, resulting in one personnel killed and two injured. The Sindhudesh Revolutionary Army (SRA) claimed responsibility.","https://t.me/Insurgent_Zone/1082"
"15 May 26","Targeted Killing","Kharan, Balochistan","1IRR","0","","A peace committee member was killed and two others were abducted in Kharan.","https://t.me/Insurgent_Zone/2838"
"15 May 26","Suicide Attack","Bajaur, Khyber Pakhtunkhwa","9SF","35SF","","In Bajaur, 7 soldiers from 26 FF , with 21 from 26 FF and 5 others injured, and two unidentified bodies also reported among the deceased. Additionally, six soldiers from the 55 Baloch Regiment were injured. [UPDATE 2026-05-15]: A suicide attack, initiated by a VBIED, followed by an armed assault and ambush targeted the Damangi Scouts camp in Loi Mamund, Bajaur district. The Tehrik-i-Taliban Pakistan (TTP) claimed responsibility, alleging approximately 100 Pakistani security personnel were killed or wounded. Reports confirm 9 security force personnel and 1 civilian killed, with up to 31 security force personnel injured. Units affected include 26 FF, Signals 172, BS SOS, 55 Baloch Regiment, 23 Cavalry, APC, and SOC units. Security forces claimed 9 attackers, including three suicide bombers, were killed. TTP Commander Malang Bacha stated the attack targeted a post from where civilians in Afghanistan were allegedly targeted. [UPDATE 2026-05-15]: A suicide attack, initiated by a VBIED, followed by an armed assault and ambush targeted the Damangi Scouts camp in Loi Mamund, Bajaur district. The Tehrik-i-Taliban Pakistan (TTP) claimed responsibility, alleging approximately 100 Pakistani security personnel were killed or wounded. Reports confirm 9 security force personnel and 1 civilian killed, with up to 31 security force personnel injured. Units affected include 26 FF, Signals 172, BS SOS, 55 Baloch Regiment, 23 Cavalry, APC, and SOC units. Security forces claimed 9 attackers, including three suicide bombers, were killed. TTP Commander Malang Bacha stated the attack targeted a post from where civilians in Afghanistan were allegedly targeted. [UPDATE 2026-05-15]: A suicide attack, initiated by a VBIED, followed by an armed assault and ambush targeted the Damangi Scouts camp in Loi Mamund, Bajaur district. The Tehrik-i-Taliban Pakistan (TTP) claimed responsibility, alleging approximately 100 Pakistani security personnel were killed or wounded. Reports confirm 9 security force personnel and 1 civilian killed, with up to 31 security force personnel injured. Units affected include 26 FF, Signals 172, BS SOS, 55 Baloch Regiment, 23 Cavalry, APC, and SOC units. Security forces claimed 9 attackers, including three suicide bombers, were killed. TTP Commander Malang Bacha stated the attack targeted a post from where civilians in Afghanistan were allegedly targeted. [UPDATE 2026-05-15]: A suicide attack, initiated by a VBIED, followed by an armed assault and ambush targeted the Damangi Scouts camp in Loi Mamund, Bajaur district. The Tehrik-i-Taliban Pakistan (TTP) claimed responsibility, alleging approximately 100 Pakistani security personnel were killed or wounded. Reports confirm 9 security force personnel and 1 civilian killed, with up to 31 security force personnel injured. Units affected include 26 FF, Signals 172, BS SOS, 55 Baloch Regiment, 23 Cavalry, APC, and SOC units. Security forces claimed 9 attackers, including three suicide bombers, were killed. TTP Commander Malang Bacha stated the attack targeted a post from where civilians in Afghanistan were allegedly targeted. [UPDATE 2026-05-15]: A suicide attack, initiated by a VBIED, followed by an armed assault and ambush targeted the Damangi Scouts camp in Loi Mamund, Bajaur district. The Tehrik-i-Taliban Pakistan (TTP) claimed responsibility, alleging approximately 100 Pakistani security personnel were killed or wounded. Reports confirm 9 security force personnel and 1 civilian killed, with up to 31 security force personnel injured. Units affected include 26 FF, Signals 172, BS SOS, 55 Baloch Regiment, 23 Cavalry, APC, and SOC units. Security forces claimed 9 attackers, including three suicide bombers, were killed. TTP Commander Malang Bacha stated the attack targeted a post from where civilians in Afghanistan were allegedly targeted. [UPDATE 2026-05-15]: A suicide attack, initiated by a VBIED, followed by an armed assault and ambush targeted the Damangi Scouts camp in Loi Mamund, Bajaur district. The Tehrik-i-Taliban Pakistan (TTP) claimed responsibility, alleging approximately 100 Pakistani security personnel were killed or wounded. Reports confirm 9 security force personnel and 1 civilian killed, with up to 31 security force personnel injured. Units affected include 26 FF, Signals 172, BS SOS, 55 Baloch Regiment, 23 Cavalry, APC, and SOC units. Security forces claimed 9 attackers, including three suicide bombers, were killed. TTP Commander Malang Bacha stated the attack targeted a post from where civilians in Afghanistan were allegedly targeted.","https://www.aljazeera.com/news/2026/5/15/deadly-attack-on-pakistan-outpost-puts-afghanistan-ceasefire-at-risk | https://t.me/mappingconflictinpakistan/2755"
"15 May 26","Drone Strike","Bajaur, Khyber Pakhtunkhwa","1SF","6SF","","Rebels attacked the 177 AOR wing with a drone in the Inayat Kelay area of Bajaur district, Khyber Pakhtunkhwa. One personnel was killed and six others were injured.","https://t.me/mappingconflictinpakistan/2752"
"15 May 26","Targeted Killing","Kohat, Khyber Pakhtunkhwa","1SF","0","","A police constable was killed in a targeted attack in Kohat.","https://www.facebook.com/share/p/197GhLKsog/"
"15 May 26","Armed Clash","Kurram, Khyber Pakhtunkhwa","2SF
/
1M","0","","Two Frontier Corps personnel and one militant were killed during a firefight in the Alizai area of Lower Kurram.","https://www.facebook.com/share/p/1TcgM5MkqN/"
"15 May 26","Targeted Killing","Peshawar, Khyber Pakhtunkhwa","1SF","0","","A CTD personnel identified as Yasir, described as a drone operator, was killed in a targeted attack in Mashokhel area of Badaber Tehsil, Peshawar. The attack is claimed as retaliation for the killing of a rebel named Ghazi Umar two days prior.","https://t.me/MappingConflictinPakistan/2788"
"15 May 26","Armed Clash","Quetta, Balochistan","4SF
/
1M","0","","TTP released a video claiming to have killed 13 Pakistani soldiers during clashes in Zarghun Ghar, Quetta district. TTP also reported one of their fighters was killed in the clash. 4 plainclothes alleged FC Soldiers are shown deceased in the video, and confiscated weapons/equipment.","https://x.com/WarObserve4vin/status/2055981572549919066?s=20"
"14 May 26","IED Explosion","South Waziristan, Khyber Pakhtunkhwa","0","2SF","","An improvised explosive device (IED) explosion in Azam Warsak, South Waziristan, injured two soldiers. Separately, a Pakistani military checkpoint in Wana, near Azam Warsak, was reportedly attacked.","https://t.me/mappingconflictinpakistan/2756"
"14 May 26","Armed Clash","North Waziristan, Khyber Pakhtunkhwa","2SF","0","","Two army personnel were killed during clashes with militants in the Mersikhel area of Miranshah.","https://x.com/frontier_files/status/2054991648728461418?s=20"
"14 May 26","Targeted Killing","Khyber, Khyber Pakhtunkhwa","1SF","0","","An armed gunman shot and killed a Counter-Terrorism Department (CTD) constable in the Khwagakhel area of Landi Kotal, Khyber District.","https://www.facebook.com/share/p/1RD8o6DGRN/"
"14 May 26","Sniper Attack","Zhob, Balochistan","1SF","0","","A Frontier Corps (FC) personnel was killed in a sniper attack in the Samboza area of Zhob district.","https://www.facebook.com/share/r/18hZmHGWZn/"
"13 May 26","IED Explosion","Duki, Balochistan","5SF","0","","Five soldiers, including an officer of major rank, were killed in an IED blast in the Chamalang area of Dukki district.","https://www.dawn.com/news/1999982/major-among-five-soldiers-martyred-during-operation-in-balochistans-barkhan-ispr"
"13 May 26","Ambush","Nushki, Balochistan","2SF","0","","An FC convoy was ambushed by unidentified attackers in Nushki district, resulting in the deaths of two personnel.","https://www.facebook.com/share/p/1KMWTjA4yL/"
"12 May 26","IED Explosion","Lakki Marwat, Khyber Pakhtunkhwa","2SF","0","","An IED explosion in Sarai Naurang, Lakki Marwat, killed nine people, including two traffic police officers, and injured 33 others.","https://www.facebook.com/share/p/1aN3WXg8io/"
"12 May 26","IED Explosion","Kech, Balochistan","1SF","1SF","","One Frontier Corps personnel was killed and another injured in an IED blast in the Zamuran area of Kech district.","https://www.facebook.com/share/p/1EW9Dz6nB6/"
"11 May 26","Targeted Killing","Bajaur, Khyber Pakhtunkhwa","1SF","0","","A police constable was killed by unidentified gunmen in the Mamund area of Bajaur district.","https://x.com/BilalYasirBjr/status/2053718544534384817?s=20"
"10 May 26","Targeted Killing","Tank, Khyber Pakhtunkhwa","1SF","0","","A police constable was killed by unidentified assailants in Tank district, Khyber Pakhtunkhwa.","https://www.facebook.com/share/p/1ELmj2QBxy/"
"09 May 26","Ambush","Mastung, Balochistan","1SF","0","","A Frontier Corps (FC) member was killed in an ambush by unknown assailants in Mastung, Balochistan.","https://www.facebook.com/share/p/1CdrdRNe9Z/"
"09 May 26","Suicide Attack","Bannu, Khyber Pakhtunkhwa","15SF","5SF","","A vehicle-borne improvised explosive device (VBIED) targeted the Fatahkhel Checkpost in Bannu, resulting in the deaths of 15 police personnel and injuring five others.","https://www.facebook.com/share/p/1EAZkidSRy/"
"08 May 26","Targeted Killing","Bajaur, Khyber Pakhtunkhwa","1SF","0","","Police constable Nazimullah was shot dead by unidentified attackers in the Asil Targhao Barang area of Bajaur district.","https://x.com/JawadYousufxai/status/2052614848148824329?s=20"
"08 May 26","Armed Clash","Balochistan","1SF","0","","Militants killed Frontier Corps (FC) personnel in Balochistan province.","https://www.facebook.com/share/p/1cZdrPhcLp/"
"08 May 26","Armed Clash","North Waziristan, Khyber Pakhtunkhwa","1SF","0","","An army soldier was killed during an armed clash with militants in the Shewa area of North Waziristan.","https://www.facebook.com/share/1F98m1UN8p/"
"08 May 26","Armed Clash","Gwadar, Balochistan","2SF","0","","Two Coast Guard personnel were killed in an attack by unidentified armed men in the Jiwani area of Gwadar district.","https://x.com/Info_Balochistn/status/2052779616180306244?s=20"
"07 May 26","Targeted Killing","Tank, Khyber Pakhtunkhwa","1SF","0","","A police constable was killed in a targeted killing incident in the Umar Adda area of Tank.","https://x.com/JawadYousufxai/status/2052434177983656374?s=20"
"06 May 26","Checkpoint Attack","Hangu, Khyber Pakhtunkhwa","1SF","2SF","","Frontier Corps personnel were killed during a militant attack on a check post in the Torawari area of Hangu.","https://www.facebook.com/share/p/18bzvtDFoH/"
"06 May 26","Armed Clash","Peshawar, Khyber Pakhtunkhwa","5IRR","0","","Five peace committee members, including the head of the committee Mukarram, were killed in the Hassan Khel area of Peshawar.","https://t.me/Insurgent_Zone/753"
"05 May 26","Checkpoint Attack","Hangu, Khyber Pakhtunkhwa","2SF","2SF","","Militants attacked a Frontier Constabulary post in the Torawari area of Hangu, killing one personnel and injuring three others.","https://x.com/IftikharFirdous/status/2051388669165277364?s=20"
"05 May 26","IED Explosion","North Waziristan, Khyber Pakhtunkhwa","2SF","2SF","","An IED blast targeting a military vehicle in the Mersikhel area of Miranshah killed two army personnel and injured two others.","https://www.facebook.com/share/p/14TD41Hjhpx/"
"03 May 26","Targeted Killing","Lakki Marwat, Khyber Pakhtunkhwa","1SF","0","","A police officer was targeted and killed by unidentified attackers in the Ghaznikhel area of Lakki Marwat.","https://www.facebook.com/share/v/18o7VgPqWn/"
"03 May 26","Armed Clash","Zhob, Balochistan","1SF","0","","Frontier Corps (FC) personnel were killed during an incident on the Pak-Afghan border in the Zhob district of Balochistan.","https://www.facebook.com/share/p/1C8UmrpuyD/"
"03 May 26","Targeted Killing","Quetta, Balochistan","1SF","0","","Frontier Corps personnel Malik Faisal was killed during a firing raid in Quetta.","https://www.facebook.com/share/p/1NFQmTtHTh/"
"02 May 26","Drone Strike","Mohmand, Khyber Pakhtunkhwa","0","2SF","","Two Pakistani security personnel, Lance Naik Kashif and Sepoy Shoaib, were injured in a suspected cross-border quadcopter strike on a security post in the Baizai tehsil of Mohmand district.","https://www.dawn.com/news/1996827"
"02 May 26","Armed Clash","Gwadar, Balochistan","2SF","0","","Two security personnel were killed in an incident in Pasni, Gwadar district.","https://x.com/i/status/2050506528097173730"
"02 May 26","IED Explosion","Panjgur, Balochistan","5SF","3SF","","5 security personnel were killed in an IED explosion in Panjgur district, Balochistan.","https://www.facebook.com/share/p/18mPnBM2Xi/"
"01 May 26","Ambush","Bannu, Khyber Pakhtunkhwa","1SF","0","","Police personnel Razam Ali Shah was killed following a rocket attack on a bulletproof police vehicle in Bannu.","https://www.facebook.com/share/p/1CQYccZVHy/"
"30 Apr 26","Targeted Killing","Bajaur, Khyber Pakhtunkhwa","1SF","0","","A security official, Subedar Naseem, was killed by militants in Bajaur.","https://www.facebook.com/share/p/1CgLQsJXWt/"
"30 Apr 26","Armed Clash","Panjgur, Balochistan","1SF","0","","A Naib Subedar of the Pakistan Army was killed in the Panjgur area of Balochistan.","https://www.facebook.com/share/1EKTB6dQmD/"
"30 Apr 26","Armed Clash","North Waziristan, Khyber Pakhtunkhwa","1SF","0","","A soldier named Naik Anwar was killed by militants in North Waziristan.","https://www.facebook.com/share/p/1H92UU3wW6/"
"30 Apr 26","Armed Clash","Lakki Marwat, Khyber Pakhtunkhwa","2SF","0","","An attack on a joint police and army camp in the Shadikhel area of Lakki Marwat resulted in the deaths of one police official and one army soldier.","https://x.com/i/status/2049709068525396450"
"30 Apr 26","Sniper Attack","North Waziristan, Khyber Pakhtunkhwa","1SF","0","","A Pakistan Army soldier, Naik Raheel Javed, was killed in a sniper attack in North Waziristan.","https://www.facebook.com/share/1C9ApZRaji/"
"28 Apr 26","Sniper Attack","South Waziristan, Khyber Pakhtunkhwa","1SF","0","","An FC soldier was killed following a sniper attack by militants in South Waziristan.","https://www.facebook.com/share/p/18nyE91DpJ/"
"28 Apr 26","Targeted Killing","Lakki Marwat, Khyber Pakhtunkhwa","1SF","0","","A police officer was shot and killed by unidentified attackers in the Lakki Marwat district of Khyber Pakhtunkhwa.","https://www.facebook.com/share/p/18T2Dm5ARy/"
"27 Apr 26","Checkpoint Attack","Pishin, Balochistan","1SF","0","","A police hawaldar was killed during a militant attack on a police checkpost in Huramzai, Pishin.","https://www.facebook.com/share/p/18kafEs9UN/"
"26 Apr 26","Armed Clash","Chaman, Balochistan","4SF","0","","Four Frontier Corps personnel were killed following an attack by Afghan forces at the Chaman border crossing.","https://www.facebook.com/share/p/1BM6U4ag85/"
"26 Apr 26","Targeted Killing","Lakki Marwat, Khyber Pakhtunkhwa","1SF","0","","A Frontier Corps (FC) member was killed by militants in the Shadikhel area of Lakki Marwat.","https://www.facebook.com/share/p/1CQm3ajaEZ/"
"26 Apr 26","Armed Clash","Bajaur, Khyber Pakhtunkhwa","1SF","0","","A Pakistan Army soldier was killed during a militant attack in the Bajaur district.","https://www.facebook.com/share/p/1CPTX6kq6t/"
"25 Apr 26","Ambush","Bajaur, Khyber Pakhtunkhwa","0","5SF","","Militants opened fire on a police van in the Khar area of Bajaur, injuring at least five police personnel.",""
"25 Apr 26","Targeted Killing","Tank, Khyber Pakhtunkhwa","1SF","0","","A Pakistan Army soldier was shot and killed by militants in the Mullazai area of Tank district.",""
"24 Apr 26","Ambush","Kachhi, Balochistan","1SF","3SF","","One police officer was killed and three others were injured in an incident in the Dhadar area of Kachhi district, Balochistan.","https://x.com/i/status/2047735032291500195"
"24 Apr 26","Sniper Attack","Kurram, Khyber Pakhtunkhwa","1SF","0","","A Frontier Corps (FC) member was killed in a sniper attack in the Torghar area of Central Kurram.","https://www.facebook.com/share/p/1DU52FFTCn/"
"24 Apr 26","Targeted Killing","Quetta, Balochistan","1SF","0","","A police officer previously injured in clashes was killed in the Pashtunabad area of Quetta.","https://www.facebook.com/share/p/14cWy98rdRe/"
"24 Apr 26","Sniper Attack","North Waziristan, Khyber Pakhtunkhwa","1SF","0","","A Pakistan Army soldier was killed following a sniper attack in North Waziristan.","https://www.facebook.com/share/p/1GmQK2xf17/"
"23 Apr 26","Armed Clash","Chagai, Balochistan","3SF","8SF","","Three Frontier Corps personnel were killed and eight others were injured during clashes with militants on the M-40 highway in Dalbandin.","https://x.com/TKCkhyber/status/2047029404631748710?s=20"
"23 Apr 26","Armed Clash","Chagai, Balochistan","2SF
/
8M","0","","Militants attacked a mining site in the Darigwan area of Dalbandin, resulting in the deaths of two FC personnel and eight others.","https://www.dawn.com/news/1994343"
"22 Apr 26","Sniper Attack","South Waziristan, Khyber Pakhtunkhwa","1SF","0","","A security forces member was killed following a sniper attack by militants in South Waziristan.","https://www.facebook.com/share/p/1K5NrKL8oU/"
"22 Apr 26","Armed Clash","North Waziristan, Khyber Pakhtunkhwa","1SF","0","","A Pakistani army soldier was killed during an engagement with militants in North Waziristan.","https://www.facebook.com/share/p/18Pqx2rfXN/"
"22 Apr 26","Armed Clash","Bajaur, Khyber Pakhtunkhwa","5SF","5SF","","At least five security personnel were killed and five others injured following a mortar strike by Afghan forces in the Bajaur sector.","https://www.facebook.com/share/p/1B89eGA9d8/"
"22 Apr 26","IED Explosion","Charsadda, Khyber Pakhtunkhwa","1SF","0","","A police constable was killed when an explosion caused by a mine destroyed the Azizabad checkpost in Charsadda.","https://www.facebook.com/share/p/1Gi3XbbXTF/"
"21 Apr 26","Targeted Killing","Bannu, Khyber Pakhtunkhwa","1SF","0","","A police officer was shot and killed by unidentified attackers in the Mamashkhel area of Bannu district.","https://www.facebook.com/share/p/14aHkaoU8ke/"
"21 Apr 26","Armed Clash","Khyber, Khyber Pakhtunkhwa","2SF","6SF","","Two soldiers were killed and six others, including an SSG captain, were injured during an intelligence-based operation in the Akakhel area of Bara, Khyber District.","https://www.facebook.com/share/p/185uCdg8W8/"
"19 Apr 26","Targeted Killing","Khuzdar, Balochistan","2SF","2SF","","Two police personnel, including a woman constable, were killed and two others, including an SHO, were injured in an incident in the Baghbana area of Khuzdar district.","https://x.com/Info_Balochistn/status/2045830844191818160?s=20"
"19 Apr 26","Armed Clash","Mastung, Balochistan","1SF","4SF","","One police constable was killed and four others were injured during an armed clash with militants in the Dasht area of Mastung district.","https://x.com/Info_Balochistn/status/2045891107154960816?s=20"
"19 Apr 26","Armed Clash","Bannu, Khyber Pakhtunkhwa","1SF","0","","A police officer was killed during an operation against militants in the Ghorewala area of Bannu.","https://www.facebook.com/share/p/1AqK1o1Mt9/"
"19 Apr 26","Ambush","Bannu, Khyber Pakhtunkhwa","2SF","0","","Two Frontier Corps (FC) personnel were killed when militants opened fire on them in the Karam Gadhi area of Bannu district.","https://x.com/LalWazir19/status/2045895811943502013?s=20"
"18 Apr 26","Armed Clash","Bajaur, Khyber Pakhtunkhwa","1SF","0","","Frontier Corps personnel were killed during an armed clash with militants in Bajaur District.",""
"18 Apr 26","Suicide Attack","Bannu, Khyber Pakhtunkhwa","3SF","3SF","","A suicide bombing targeted an army convoy in Domail, Bannu, resulting in the deaths of three personnel, including a captain, and injuring three others.","https://x.com/JawadYousufxai/status/2045474448762085752?s=20"
"18 Apr 26","Checkpoint Attack","Bajaur, Khyber Pakhtunkhwa","1SF","1SF","","One Naib Subedar was killed and another soldier injured when Afghan forces attacked a security post along the Durand Line in Bajaur district.","https://www.facebook.com/share/p/1CjtyWbRrV/"
"18 Apr 26","Drone Strike","North Waziristan, Khyber Pakhtunkhwa","1SF","4SF","","A drone strike targeted a Frontier Corps (FC) post in the Shewa area of North Waziristan, killing one personnel and injuring four others.",""
"16 Apr 26","Armed Clash","Zhob, Balochistan","2SF","0","","Two security personnel, including one from FC and one from the Army, were killed by Afghan forces during a clash on the Durand Line in the Zhob region.",""
"16 Apr 26","Armed Clash","Bajaur, Khyber Pakhtunkhwa","1SF","0","","A Pakistani Army soldier, Mudassir Ali Khan, was killed following an incident involving Afghan forces at the Durand Line in Bajaur.",""
"16 Apr 26","Ambush","Karachi West, Sindh","1SF","1SF","","Militants attacked police personnel in the Mangopir area of Karachi, killing one officer and injuring another.","https://www.dawn.com/news/1992418/policeman-martyred-another-wounded-in-manghopir-attack"
"15 Apr 26","Other","Vehari, Balochistan","3SF","0","","Three Frontier Corps (FC) personnel were killed in a friendly fire incident involving another FC member in Lehri, Balochistan.",""
"15 Apr 26","Targeted Killing","Nasirabad, Balochistan","1SF","0","","Police personnel Farman Bashir was killed by militants in Dera Murad Jamali.","https://x.com/NUQTA31/status/2044320366903066749?s=20"
"15 Apr 26","Drone Strike","South Waziristan, Khyber Pakhtunkhwa","1SF","3SF","","A quadcopter strike on a Frontier Corps post in the Shakai area of South Waziristan killed one personnel and injured three others.",""
"15 Apr 26","Armed Clash","Khyber Pakhtunkhwa","2SF","0","","One Frontier Corps (FC) member and one army soldier were killed during a militant attack in Khyber Pakhtunkhwa.",""
"14 Apr 26","Targeted Killing","Bajaur, Khyber Pakhtunkhwa","1SF","0","","An army soldier was killed in a targeted attack by militants in the War Mamund area of Bajaur district.","https://x.com/AfghanAnalyst2/status/2044121756873494902?s=20"
"13 Apr 26","Ambush","Hangu, Khyber Pakhtunkhwa","3SF","4SF","","Militants ambushed a police mobile in Tal, Hangu, killing one police officer and injuring four others, including the SHO.","https://x.com/khorasandiary/status/2043592129591816459?s=20"
"13 Apr 26","Ambush","Diamer, Gilgit-Baltistan","3SF","4SF","","Militants ambushed a police vehicle in Chilas, Diamer, killing three personnel and injuring four others, including a DSP.","https://x.com/khorasandiary/status/2043646613047185800?s=20"
"12 Apr 26","Targeted Killing","Peshawar, Khyber Pakhtunkhwa","1SF","0","","Elite Force member Muhammad Munsif was killed by TTP militants in FR Peshawar.",""
"12 Apr 26","Armed Clash","Kohlu, Balochistan","2SF","2SF","","Frontier Corps (FC) personnel were reportedly killed in the Kohlu district of Balochistan.","https://x.com/Jana_Shah/status/2043371627631845743?s=20"
"12 Apr 26","Targeted Killing","Peshawar, Khyber Pakhtunkhwa","1SF","0","","A Counter-Terrorism Department (CTD) personnel was killed in a targeted attack by militants in Peshawar.",""
"12 Apr 26","Armed Clash","Kech, Balochistan","1SF","0","","A Pakistan Army soldier, Lance Naik Rashid Sohail, was killed in an attack by militants in Turbat.","https://www.facebook.com/share/v/1Ak14jTo8j/"
"12 Apr 26","Sniper Attack","Bajaur, Khyber Pakhtunkhwa","2SF","1SF","","A Frontier Corps soldier was killed and two others injured in a sniper attack on a security post in Salarzai, Bajaur.",""
"12 Apr 26","Drone Strike","North Waziristan, Khyber Pakhtunkhwa","1SF","2SF","","A Pakistani army soldier was killed in a quadcopter strike conducted by militants in the Madikhel area of Mir Ali, North Waziristan.",""
"12 Apr 26","Ambush","Gwadar, Balochistan","3SF","0","","Militants ambushed a Pakistan Coast Guards boat in the sea near Jiwani, resulting in the deaths of three personnel.","https://x.com/khorasandiary/status/2043237702523556329?s=20"
"11 Apr 26","Other","Ghanche, Gilgit-Baltistan","1SF","3SF","","A Pakistan Army soldier was killed in the Siachen sector.",""
"11 Apr 26","Targeted Killing","Peshawar, Khyber Pakhtunkhwa","1SF","0","","Militants shot and killed Counter-Terrorism Department (CTD) official Sohail in the Matani area of Peshawar.",""
"11 Apr 26","IED Explosion","Bannu, Khyber Pakhtunkhwa","1SF","5SF","","An IED blast targeting an army vehicle in the Mamashkhel area of Bannu resulted in the death of one soldier and injuries to five others.","https://x.com/khorasandiary/status/2043187942487658725?s=20"
"10 Apr 26","Targeted Killing","Peshawar, Khyber Pakhtunkhwa","1SF","0","","A Counter-Terrorism Department (CTD) official named Muqaddar Khan was shot and killed in FR Peshawar.",""
"10 Apr 26","Armed Clash","Zhob, Balochistan","1SF","0","","Frontier Corps personnel Irfanullah Bettani was killed in Zhob, Balochistan.",""
"10 Apr 26","Ambush","Tank, Khyber Pakhtunkhwa","1SF","6SF","","One Army personnel was killed and six others were injured following an IED blast and subsequent ambush by militants in Tank.",""
"10 Apr 26","Armed Clash","North Waziristan, Khyber Pakhtunkhwa","1SF","0","","Army personnel Musa Ali was killed during a firing raid by militants in the Razmak area of North Waziristan.",""
"10 Apr 26","Armed Clash","Quetta, Balochistan","1SF","0","","Frontier Corps (FC) Balochistan North personnel was reportedly killed in Quetta.",""
"09 Apr 26","Targeted Killing","Kashmore, Sindh","1SF","0","","Militants killed a Levies personnel identified as Ibrahim Bugti in the Bakhshapur area of Sindh.",""
"09 Apr 26","Targeted Killing","Mardan, Khyber Pakhtunkhwa","1SF","0","","Militants shot and killed Elite Force Constable Sher Zada in the New Adda area of Mardan.",""
"09 Apr 26","Armed Clash","Dir Lower, Khyber Pakhtunkhwa","1SF","0","","A Frontier Corps (FC) soldier named Nisar was killed by Afghan forces during an incident along the Durand Line.",""
"08 Apr 26","Armed Clash","Sialkot, Punjab","1SF","0","","A Pakistan Rangers soldier was killed by firing from the Indian side across the Working Boundary in the Sialkot sector.",""
"07 Apr 26","Targeted Killing","Peshawar, Khyber Pakhtunkhwa","1SF","0","","A police constable was killed by a militant in Peshawar, Khyber Pakhtunkhwa.",""
"06 Apr 26","Armed Clash","Killa Saifullah, Balochistan","1SF","4SF","","One Frontier Corps personnel was killed and four others were injured during an attack by Afghan forces on a security post in Qilla Saifullah.",""
"06 Apr 26","Armed Clash","Bannu, Khyber Pakhtunkhwa","1SF
/
1M","0","","Militants attacked a NADRA office in Bakakhel, Bannu district, resulting in the deaths of a police constable and a security guard.",""
"06 Apr 26","Checkpoint Attack","Bannu, Khyber Pakhtunkhwa","1SF","0","","A police constable was killed during a firing raid by unidentified attackers on the Kangar Check Post in Bannu.",""
"06 Apr 26","Ambush","Mastung, Balochistan","4SF","7SF","","Baloch separatists attacked a Pakistani military convoy in the Gardgap area of Mastung, resulting in the deaths of four army personnel.",""
"05 Apr 26","Armed Clash","North Waziristan, Khyber Pakhtunkhwa","2SF","0","","One Pakistani army soldier was killed during border clashes following an attack by Afghan forces on a check post along the Khost-North Waziristan border.",""
"05 Apr 26","Armed Clash","North Waziristan, Khyber Pakhtunkhwa","2SF","0","","Frontier Corps personnel Shams ur Rehman was killed in a militant attack in the Shiva area of North Waziristan.",""
"04 Apr 26","Armed Clash","North Waziristan, Khyber Pakhtunkhwa","3SF","0","","Frontier Corps personnel were killed during a militant attack in the Spinwam area of North Waziristan.",""
"01 Apr 26","Armed Clash","Bajaur, Khyber Pakhtunkhwa","1SF","4SF","","One Pakistani security personnel was killed and four others were injured during an attack by Afghan Taliban forces in the Kunar-Bajaur sector.",""
"01 Apr 26","Armed Clash","Hangu, Khyber Pakhtunkhwa","1SF","0","","FC personnel Zeeshan Tanoli was killed in a militant attack in Hangu, Khyber Pakhtunkhwa.","https://www.facebook.com/share/p/1Cxo4jFKjD/"
"30 Mar 26","Checkpoint Attack","Orakzai, Khyber Pakhtunkhwa","1SF","0","","Militants targeted the Kandi Mashti Checkpoint in Orakzai district, resulting in the death of one Frontier Corps (FC) personnel.",""
"30 Mar 26","Ambush","Jhal Magsi, Balochistan","2SF","3SF","","Two Frontier Corps personnel were killed and three others injured when their convoy was ambushed in Jhal Magsi.",""
"30 Mar 26","Ambush","Quetta, Balochistan","2SF","0","","Gunmen carried out an ambush on an Eagle Squad vehicle in the Eastern Bypass area of Quetta, resulting in the death of two police personnel.",""
"29 Mar 26","Armed Clash","Quetta, Balochistan","1SF","3SF","","One Frontier Corps personnel was killed and three others were injured following a grenade attack in Quetta, Balochistan.",""
"29 Mar 26","Sniper Attack","South Waziristan, Khyber Pakhtunkhwa","1SF","0","","An Army Subedar was killed in a sniper attack in the Ladha area of South Waziristan.",""
"28 Mar 26","Armed Clash","Kohat, Khyber Pakhtunkhwa","2SF","0","","Two Frontier Constabulary personnel were killed in the Tor Chappar area of Dara Adam Khel.","https://x.com/khorasandiary/status/2037946099286319506?s=20"
"28 Mar 26","Ambush","Bannu, Khyber Pakhtunkhwa","2SF","3SF","","Militants attacked and set fire to a police vehicle in Huwaid area of Bannu, resulting in the death of an Assistant Sub-Inspector and injuring three other personnel.","https://x.com/khorasandiary/status/2037885034095587688?s=20"
"27 Mar 26","Targeted Killing","Killa Abdullah, Balochistan","0","1SF","","Station House Officer Ali Muhammad Kakozai was seriously injured after armed motorcyclists opened fire on him while he was traveling home in Qilla Abdullah Town.","https://x.com/khorasandiary/status/2037536663224947042"
"27 Mar 26","Armed Clash","Khyber, Khyber Pakhtunkhwa","1IRR
/
1M","0","","One member of a peace committee was killed during clashes with militants in the Bara area of Khyber District.",""
"25 Mar 26","Targeted Killing","Tank, Khyber Pakhtunkhwa","1SF","0","","A police constable was killed by militants after being abducted in Tank District.",""
"20 Mar 26","Armed Clash","Khyber, Khyber Pakhtunkhwa","0","3SF","","One soldier was killed and three others, including a major, were injured during an intelligence-based operation in the Bara area of Khyber District.",""
"20 Mar 26","Armed Clash","Khyber, Khyber Pakhtunkhwa","1SF","3SF","","One soldier was killed and three others, including a major, were injured during an incident in the Tirah Valley of Khyber District.","https://x.com/afridi5533/status/2034922045713068309?s=20"
"20 Mar 26","Other","Quetta, Balochistan","1SF","0","","Sepoy Ansar Abbas of the Pakistan Army was killed in an incident in Quetta, Balochistan.","https://www.facebook.com/share/p/1C2FqXi6GJ/"
"19 Mar 26","IED Explosion","North Waziristan, Khyber Pakhtunkhwa","2SF","2SF","","Two security personnel were killed and two others injured in an IED explosion during a clearing operation by a bomb disposal unit in Dattakhel, North Waziristan.","https://x.com/khorasandiary/status/2034610699172008101"
"17 Mar 26","Armed Clash","Afghan Border, Khyber Pakhtunkhwa","5SF","0","","Pakistani security force casualties reported along the Pak-Afghan border (Durand Line) on 17 Mar 2026. Split from the 26 Feb 2026 Afghan border clashes incident as casualties occurred on this later date.",""
"16 Mar 26","IED Explosion","Duki, Balochistan","5SF","0","","Five soldiers were killed when their vehicle struck a remote-controlled roadside bomb in the Killi Bakhtiyar Luni area of Dukki district after an anti-poppy operation.",""
"16 Mar 26","Targeted Killing","Dera Ismail Khan, Khyber Pakhtunkhwa","1SF","0","","A security force personnel on leave, identified as Saif ur Rahman, was killed by motorcycle-riding militants in Kulachi Bazaar.","https://x.com/TKCkhyber/status/2033580820049608956"
"16 Mar 26","Armed Clash","Balochistan","1SF","0","","A Frontier Corps (FC) soldier named Gul Shah was martyred during service in Balochistan.","https://www.facebook.com/share/p/1B8qt2ZwqZ/"
"15 Mar 26","Armed Clash","Gwadar, Balochistan","2SF","1SF","","Two Pakistan Coast Guards personnel were killed and one injured in an attack by armed men in the Panwan area of Jiwani, Gwadar district. (paramilitary soldiers so logged under FC)","https://x.com/khorasandiary/status/2033236695211241955"
"14 Mar 26","Armed Clash","Karak, Balochistan","2SF","0","","2 Frontier Corps Balochistan personnel, including Fahad Hussain Palal and Zafar Iqbal Khan Swansey, were martyred while on duty in Kharan district.",""
"13 Mar 26","IED Explosion","Lakki Marwat, Khyber Pakhtunkhwa","7SF","0","","An IED explosion targeting a police van in the Shadi Khel area of Bhittani Sub-Division, Lakki Marwat, resulted in the death of seven policemen.","https://www.facebook.com/share/p/1GTwyJPAWb/"
"13 Mar 26","Armed Clash","Balochistan","1SF","0","","Captain Hammad of Matta, Swat, died from injuries reportedly sustained during an operation in Balochistan or a training accident.","https://www.facebook.com/share/p/18AnnourVp/"
"13 Mar 26","Targeted Killing","Khyber, Khyber Pakhtunkhwa","1SF","0","","Police officer Muaz Shinwari, security lead at Hamza Baba Shrine, was shot dead by unknown gunmen while returning home in Landi Kotal.","https://x.com/JawadYousufxai/status/2032538751885308194"
"11 Mar 26","Armed Clash","Dera Ismail Khan, Khyber Pakhtunkhwa","4SF","0","","An exchange of fire in Jhok Machhi, Paroa Tehsil, resulted in the death 4 personnel (so far)","https://www.facebook.com/share/p/16M2rufL1d/"
"11 Mar 26","Armed Clash","Sohbatpur, Balochistan","1SF","0","","Muhammad Rafique Khosa, a Rangers soldier originally from Sohbatpur, was reported killed while performing his duties in Balochistan.","https://www.facebook.com/share/p/1Hh7KRzvX6/"
"11 Mar 26","Armed Clash","Afghan Border, Khyber Pakhtunkhwa","1SF","0","","Pakistani security force casualties reported along the Pak-Afghan border (Durand Line) on 11 Mar 2026. Split from the 26 Feb 2026 Afghan border clashes incident as casualties occurred on this later date.",""
"10 Mar 26","Armed Clash","Afghan Border, Khyber Pakhtunkhwa","1SF","0","","Pakistani security force casualties reported along the Pak-Afghan border (Durand Line) on 10 Mar 2026. Split from the 26 Feb 2026 Afghan border clashes incident as casualties occurred on this later date.",""
"09 Mar 26","Armed Clash","Bannu, Khyber Pakhtunkhwa","1SF","0","","Frontier Corps soldier Tanveer Ahmed was killed in the Bannu district of Khyber Pakhtunkhwa.","https://www.facebook.com/share/p/18STCqT5cC/"
"09 Mar 26","Armed Clash","Afghan Border, Khyber Pakhtunkhwa","2SF","0","","Pakistani security force casualties reported along the Pak-Afghan border (Durand Line) on 09 Mar 2026. Split from the 26 Feb 2026 Afghan border clashes incident as casualties occurred on this later date.",""
"08 Mar 26","Targeted Killing","Quetta, Balochistan","1SF","0","","Counter-Terrorism Department Inspector Mitha Khan was shot and killed by armed assailants in the Kalli Ismail area of Quetta.","https://www.24newshd.tv/08-Mar-2026/ctd-inspector-mitha-khan-gunned-quetta?version=amp"
"07 Mar 26","IED Explosion","South Waziristan, Khyber Pakhtunkhwa","2SF","5SF","","Two policemen were killed and 31 others, including five security personnel, were injured in an IED blast in Wana.","https://example.com/placeholder-url-as-per-format-needs-but-usually-extracted-from-context-above"
"07 Mar 26","Armed Clash","Balochistan","2SF","0","","FC soldier Khalif Latif, a resident of Lakki Marwat, was killed in Balochistan province.","https://www.facebook.com/share/p/1EsbfKneEU/"
"06 Mar 26","Armed Clash","Afghan Border, Khyber Pakhtunkhwa","1SF","0","","Pakistani security force casualties reported along the Pak-Afghan border (Durand Line) on 06 Mar 2026. Split from the 26 Feb 2026 Afghan border clashes incident as casualties occurred on this later date.",""
"05 Mar 26","Armed Clash","Afghan Border, Khyber Pakhtunkhwa","4SF","0","","Pakistani security force casualties reported along the Pak-Afghan border (Durand Line) on 05 Mar 2026. Split from the 26 Feb 2026 Afghan border clashes incident as casualties occurred on this later date.",""
"04 Mar 26","Armed Clash","North Waziristan, Khyber Pakhtunkhwa","1SF","0","","Muhammad Imran was killed in Miran Shah, North Waziristan, by a rocket launched by the Tehrik-i-Taliban Pakistan (TTP).","https://www.facebook.com/share/p/1DYaJbyS5C/"
"04 Mar 26","Sniper Attack","Bajaur, Khyber Pakhtunkhwa","1SF","0","","An Assistant Sub-Inspector (ASI) was killed in a sniper attack targeting a police post in Bajaur district.",""
"04 Mar 26","Armed Clash","Afghan Border, Khyber Pakhtunkhwa","2SF","0","","Pakistani security force casualties reported along the Pak-Afghan border (Durand Line) on 04 Mar 2026. Split from the 26 Feb 2026 Afghan border clashes incident as casualties occurred on this later date.",""
"03 Mar 26","Other","Balochistan","7SF","0","","The Baloch Liberation Army (BLA) reportedly executed seven captured Pakistani army soldiers.","https://thebalochistanpost.net/2026/03/bla-says-it-executed-seven-pakistani-military-personnel-captured-during-operation-herof-ii/"
"03 Mar 26","Armed Clash","Afghan Border, Khyber Pakhtunkhwa","1SF","0","","Pakistani security force casualties reported along the Pak-Afghan border (Durand Line) on 03 Mar 2026. Split from the 26 Feb 2026 Afghan border clashes incident as casualties occurred on this later date.",""
"02 Mar 26","Armed Clash","Afghan Border, Khyber Pakhtunkhwa","5SF","0","","Pakistani security force casualties reported along the Pak-Afghan border (Durand Line) on 02 Mar 2026. Split from the 26 Feb 2026 Afghan border clashes incident as casualties occurred on this later date.",""
"01 Mar 26","Targeted Killing","Dera Ismail Khan, Khyber Pakhtunkhwa","1SF","0","","Aleem Khan Mian Khel, a member of the Frontier Corps Mian Khel Platoon, was killed in a targeted killing incident in the Durban area.","https://www.facebook.com/share/p/1AgiZMc7mX/"
"01 Mar 26","Other","Skardu, Gilgit-Baltistan","4SF","10SF","","3 army soldiers and 1 fc soldier were reportedly killed by a mob in Skardu.","https://www.facebook.com/pamirtimes/posts/the-bodies-of-two-pakistan-army-soldiers-from-tehsil-jand-in-attock-have-been-re/1399505852216405/"
"28 Feb 26","Targeted Killing","Tank, Khyber Pakhtunkhwa","1SF","0","","Police officer Aziz Khan Marwat was targeted and shot dead by unidentified gunmen in the Tank district of Khyber Pakhtunkhwa.",""
"27 Feb 26","Checkpoint Attack","Peshawar, Khyber Pakhtunkhwa","1SF","0","","A police constable died from injuries sustained during a grenade attack on the Sara Khora check post within the Matni police station jurisdiction.","https://www.facebook.com/share/p/18qV2AAtW7/"
"26 Feb 26","Armed Clash","Afghan Border, Khyber Pakhtunkhwa","35SF","129SF","","Coordinated Afghan border clashes on 26 Feb 2026 resulting in Pakistani soldiers killed across multiple engagements along the Durand Line, including Waziristan, Bajaur, Kurram, Chaman, and other border areas.",""
"25 Feb 26","Targeted Killing","Khyber, Khyber Pakhtunkhwa","1SF","0","","Unidentified gunmen shot dead police constable Safeer Afridi and injured his son in Landikotal, Khyber district.","http://x.com/khorasandiary/status/2026736088711397507"
"25 Feb 26","Ambush","Chaman, Balochistan","3SF","1SF","","Three Frontier Corps (FC) soldiers were killed and one was injured in an ambush in Chaman, Balochistan.","https://www.facebook.com/share/p/1K7KLYzoJe/"
"25 Feb 26","Ambush","Bajaur, Khyber Pakhtunkhwa","5SF","2SF","","Unknown armed men ambushed an Ababeel Police Squad patrol in the Nawi Kali area of Khar, Bajaur, killing four officers and injuring two others.","https://www.tnn.com.pk/bajaur-attack-4-police-officers-martyred-in-ambush-2-injured/"
"25 Feb 26","Targeted Killing","Bannu, Khyber Pakhtunkhwa","2SF","0","","Two police officials were killed and their bodies recovered on Bannu Airport Road after being abducted by militants from the Sokari Hasan Khel area.","https://x.com/khorasandiary/status/2026846344867106951?s=20"
"25 Feb 26","Other","North Waziristan, Khyber Pakhtunkhwa","3SF","2SF","","A soldier in the FC shot 3 of his colleagues , Tochi Scouts",""
"25 Feb 26","Armed Clash","Zhob, Balochistan","3SF","0","","Two security personnel were killed and a Lieutenant Colonel was injured during a military operation in Zhob district, Balochistan.","https://www.facebook.com/share/p/1CQyKgisCr/"
"25 Feb 26","IED Explosion","Surab, Balochistan","1SF","3SF","","A policeman was killed in a blast targeting an armored police vehicle on the Quetta-Karachi National Highway in Surab, Balochistan.","https://www.facebook.com/share/p/14XXXgbiXk4/"
"25 Feb 26","Ambush","Balochistan","3SF","7SF","","FC Balochistan soldier Muhammad Wasim and two other security personnel were martyred in an incident.","https://www.facebook.com/share/p/1TkdBLCA4B/"
"25 Feb 26","Drone Strike","Tank, Khyber Pakhtunkhwa","1SF","0","","A security forces soldier was killed after a check post in Tank district was attacked by a quadcopter drone dropping mortars.","https://x.com/khorasandiary/status/2026931360028569743?s=20"
"25 Feb 26","Armed Clash","North Waziristan, Khyber Pakhtunkhwa","1SF","0","","One Pakistan Army soldier, Nadeem Abbas was killed during an exchange of fire with militants in Waziristan, Khyber Pakhtunkhwa.","https://www.facebook.com/share/p/1CRgJZwhPs/"
"24 Feb 26","Ambush","Kohat, Khyber Pakhtunkhwa","7SF","4SF","","DSP Asad Mehmood and 6 other police offficers killed in ambush in kohat lachi area. 4 injured","https://www.facebook.com/share/p/18QCkELpYM/"
"24 Feb 26","Targeted Killing","South Waziristan, Khyber Pakhtunkhwa","1SF","0","","Police Constable Attaullah was shot and killed by an unidentified assailant near Madrasa Darul Uloom in Wana, Lower Waziristan.","https://x.com/khorasandiary/status/2026259309664108917?s=20"
"24 Feb 26","Suicide Attack","Bhakkar, Punjab","2SF","4SF","","Suicide bombing on dajal post in bhakkar punjab The checkpost is located on the boundary between Dera Ismail Khan and Bhakkar. Emergency has been declared at DHQ Hospital Bhakkar.","https://www.facebook.com/share/r/1FLjxJJKwX/"
"24 Feb 26","Armed Clash","Peshawar, Khyber Pakhtunkhwa","1SF
/
1M","1M","","A former police officer and one militant were killed during an exchange of fire and grenade attack in the Matani area of Peshawar.","https://x.com/khorasandiary/status/2026334975323492508?s=20"
"23 Feb 26","Drone Strike","Karak, Khyber Pakhtunkhwa","0","5SF","","Five Federal Constabulary personnel were injured in a quadcopter attack on a paramilitary fort in the Bahadar Khel area of Karak district.","https://www.thenews.pk/story/1401016-three-martyred-as-ambulance-carrying-wounded-fc-men-targeted-in-kps-karak"
"23 Feb 26","Ambush","Karak, Khyber Pakhtunkhwa","3SF","2SF","","Taliban affiliates attacked an ambulance carrying injured personnel from a drone strike in Karak district, killing three security personnel and injuring two rescuers after setting an ambulance on fire.","https://x.com/khorasandiary/status/2025872464987758703?s=20"
"21 Feb 26","Suicide Attack","Bannu, Khyber Pakhtunkhwa","3SF","0","","A suicide bombing in Bannu resulted in the deaths of Lt Colonel Shahzada Gul Faraz and Sepoy Karamat Shah.","https://www.dawn.com/news/1974789/lieutenant-colonel-among-two-army-personnel-martyred-in-bannu-suicide-attack-ispr"
"20 Feb 26","Drone Strike","Bannu, Khyber Pakhtunkhwa","0","8SF","","Eight Frontier Constabulary personnel were injured in a quadcopter attack on a security installation in the Daryoba Line area of Bannu.","https://www.dawn.com/news/1974673"
"19 Feb 26","Armed Clash","Khyber Pakhtunkhwa","1SF","0","","An Frontier Corps (FC) soldier, Khayal Gul Khattak, was killed near the Afghan border.","https://www.facebook.com/share/r/1C1YbUcbJm/"
"18 Feb 26","Armed Clash","Khyber, Khyber Pakhtunkhwa","1SF","0","","Soldier Sabdar Ahmed Wali Shah was martyred while performing his duties in the Tirah (Tera) region.",""
"18 Feb 26","Targeted Killing","Bannu, Khyber Pakhtunkhwa","1SF","0","","A security forces personnel was found beheaded and/or mutilated in jani khel bannu","https://x.com/LalWazir19/status/2024475264869421119?s=20"
"17 Feb 26","Armed Clash","Shangla, Khyber Pakhtunkhwa","3SF","0","","Three policemen were killed by militants during a search operation in the Martung area of Shangla district, Khyber Pakhtunkhwa.","https://tribune.com.pk/story/2593030/three-terrorist-killed-three-police-personnel-martyred-in-ctd-operation-in-shangla"
"17 Feb 26","Checkpoint Attack","Dera Ismail Khan, Khyber Pakhtunkhwa","1SF","2SF","","Militants attacked a police post near Yarak in Dera Ismail Khan, killing a policeman and a customs official while injuring two other officers and burning vehicles.","https://x.com/khorasandiary/status/2023980266620928337"
"17 Feb 26","Suicide Attack","Bajaur, Khyber Pakhtunkhwa","12SF","2SF","","SVBIED attack on bajaur checkpost","https://www.aljazeera.com/news/2026/2/17/motorcycle-bomb-at-pakistan-police-station-kills-two-wounds-several-report"
"16 Feb 26","Targeted Killing","Khyber, Khyber Pakhtunkhwa","1SF","0","","The body of an abducted Frontier Corps personnel was recovered from a flood channel in the Jamrud area of Khyber district.","https://x.com/NUQTA31/status/2023322328764146007"
"16 Feb 26","Drone Strike","Tank, Khyber Pakhtunkhwa","2SF","5SF","","A rescue team traveling to a drone strike site near Manzar post was targeted by an explosion and gunfire, resulting in two deaths and five injuries.","https://www.khaama.com/rescue-team-attacked-in-khyber-pakhtunkhwa-two-killed-five-injured/"
"15 Feb 26","Checkpoint Attack","Bajaur, Khyber Pakhtunkhwa","1SF","0","","Militants attacked a police post in the Mamond area of Bajaur, resulting in the death of Additional SHO Gul Manudin during an exchange of fire.","https://www.arabnews.com/node/2633115/pakistan"
"15 Feb 26","Armed Clash","North Waziristan, Khyber Pakhtunkhwa","1SF","0","","An FC soldier from Karak was killed in Koti Kali, North Waziristan.",""
"14 Feb 26","IED Explosion","Diamer, Gilgit-Baltistan","1SF","4SF","","An IED explosion targeting a security forces vehicle in the Tangir area of Diamer district killed the driver and injured four personnel, including a major.","https://www.dawn.com/news/1972851"
"14 Feb 26","Drone Strike","Lakki Marwat, Khyber Pakhtunkhwa","0","2SF","","Two policemen were injured following a quadcopter drone attack in the Lakki Marwat district of Khyber Pakhtunkhwa.","https://www.dawn.com/news/1973033"
"14 Feb 26","IED Explosion","South Waziristan, Khyber Pakhtunkhwa","0","1SF","","Captain Kamal Din Bugti was seriously injured in a mine blast in South Waziristan, sustaining multiple splinter wounds to his chest.","https://www.facebook.com/share/p/1QrEKaK4Cf/"
"12 Feb 26","Drone Strike","Tank, Khyber Pakhtunkhwa","0","4SF","","Militants used drones to attack the Kot Azam and Seer Kamar security posts in District Tank, injuring four security personnel.","https://x.com/khorasandiary/status/2021995703975940358"
"11 Feb 26","Armed Clash","North Waziristan, Khyber Pakhtunkhwa","1SF","0","","A Pakistani soldier, Muhammad Rehan, died following an exchange of fire with militants in the Mir Ali area of North Waziristan.","https://x.com/LairsW54332/status/2021626725097255379?s=20"
"11 Feb 26","Ambush","Dera Ismail Khan, Khyber Pakhtunkhwa","5SF","2SF","","Gunmen opened fire on a police vehicle in Wanda Budh, killing five police personnel including an SHO and injuring two others including a DSP.","https://www.facebook.com/share/p/1AZQoiNXNM/"
"10 Feb 26","IED Explosion","Khyber Pakhtunkhwa","1SF","3SF","","Hawaldar Tauqeer of the Punjab Regiment was killed in an IED explosion while on duty.","https://www.facebook.com/share/r/172FXrQwnc/"
"08 Feb 26","Armed Clash","Hangu, Khyber Pakhtunkhwa","1SF","0","","An FC soldier from Shahu Khel, Hangu, was reported killed while on duty.","https://www.facebook.com/share/p/1HVGjTLdvT/"
"08 Feb 26","Armed Clash","Nowshera, Khyber Pakhtunkhwa","1SF","3SF","","An Assistant Sub-Inspector of the Counter-Terrorism Department was killed and three others were injured in an attack in Nowshera.","https://www.dawn.com/news/1971794"
"07 Feb 26","Armed Clash","Khyber Pakhtunkhwa","1SF","0","","Naib Subedar Muhammad Asif from the Chapri Khattak belt was reported killed, with his funeral scheduled for February 7, 2026.","https://www.facebook.com/search/top?q=%D8%AE%D9%B9%DA%A9%20%D8%B4%DB%81%DB%8C%D8%AF"
"06 Feb 26","Drone Strike","Dera Ismail Khan, Khyber Pakhtunkhwa","1SF","2SF","","One paramilitary official was killed and two injured in a quadcopter projectile attack by TTP on the Federal Constabulary headquarters in Dera Ismail Khan.","https://www.dailyexcelsior.com/paramilitary-official-killed-in-quadcopter-attack-in-pakistans-kpk-province/"
"06 Feb 26","Suicide Attack","Islamabad, Islamabad Capital Territory","0","0","","A suicide bombing in a Shia mosque killed 31 civilians and injured 169 other civilians.","https://aje.news/296y6u"
"05 Feb 26","Targeted Killing","Lakki Marwat, Khyber Pakhtunkhwa","1SF","0","","A police constable was abducted from his home and shot dead by militants in the Nasrkhel area of Lakki Marwat district.","https://humenglish.com/latest/kp-police-constable-martyred-in-militant-attack/"
"04 Feb 26","IED Explosion","Nushki, Balochistan","1SF","2SF","","One soldier was killed and two others were injured in a roadside explosion in the Galangor area of Nushki district, Balochistan.","https://x.com/khorasandiary/status/2019139810397749560"
"04 Feb 26","Drone Strike","Khyber, Khyber Pakhtunkhwa","1SF","0","","An Army captain was killed in a quadcopter drone strike in Khyber district.","https://x.com/PakistanFauj/status/2020473527581982763?s=20"
"31 Jan 26","Suicide Attack","Quetta, Balochistan","8SF","17SF","","A suicide bomber targeted a security checkpoint at the Red Zone gate in Quetta, killing at least eight soldiers and injuring 17 others.","https://x.com/khorasandiary/status/2017651884471832683"
"31 Jan 26","Armed Clash","Chaman, Balochistan","1SF","0","","A security force member, Abdul Rahman, was reportedly killed at the Chaman Border in Balochistan.","https://www.facebook.com/share/p/182r14tMqo/"
"30 Jan 26","Armed Clash","Balochistan","14SF","36SF","","Security forces concluded operations following a series of attacks in Balochistan resulting in the deaths of 14 personnel, primarily from the Frontier Corps. part of operation herof by BLA","https://tribune.com.pk/story/2590898/security-forces-conclude-operations-after-terrorist-attacks-in-balochistan"
"29 Jan 26","Targeted Killing","Dera Ismail Khan, Khyber Pakhtunkhwa","1SF","0","","An army lieutenant colonel imran dayal was killed when unidentified gunmen opened fire on him while he was in a mosque in Dera Ismail Khan.","https://tribune.com.pk/story/2589558/army-lieutenant-colonel-martyred-in-dera-ismail-khan-shooting"
"28 Jan 26","Checkpoint Attack","Bannu, Khyber Pakhtunkhwa","0","2SF","","Two Federal Constabulary personnel were injured when their check post in the Wazir Sub-Division of Bannu district was attacked by unidentified assailants.",""
"28 Jan 26","Sniper Attack","Bannu, Khyber Pakhtunkhwa","1SF","0","","An Army lance naik was killed by sniper fire in Bannu district.","https://www.facebook.com/share/p/1Ak8x4gfsz/"
"27 Jan 26","Suicide Attack","Bannu, Khyber Pakhtunkhwa","0","5SF","","Five security personnel were wounded when a suicide bomber rammed an explosives-laden vehicle into a joint security checkpost in the Janikhel area of Bannu.","https://www.aa.com.tr/en/asia-pacific/suicide-car-bombing-in-northwestern-pakistan-kills-5/3890047"
"27 Jan 26","Other","Unknown","1SF","0","","An Army soldier was reported killed; location and circumstances unknown.","https://www.facebook.com/share/p/1CLF1KaEt3/"
"25 Jan 26","Armed Clash","Dera Ismail Khan, Khyber Pakhtunkhwa","1SF","0","","Subedar Shaukat Ali of the 27 Sindh Regiment, a resident of Abbottabad, was martyred in an engagement with enemy elements.","https://www.facebook.com/share/p/1LszWXnVnL/"
"25 Jan 26","Armed Clash","Panjgur, Balochistan","1SF","0","","An FC Balochistan commando subedar was killed in Panjgur district.",""
"23 Jan 26","Armed Clash","Khyber Pakhtunkhwa","1SF","0","","An Army soldier was killed in KPK; exact location unknown.","https://www.facebook.com/share/p/1CLhu9ZFnx/"
"22 Jan 26","Armed Clash","North Waziristan, Khyber Pakhtunkhwa","1SF","0","","A Pakistani soldier, Ahmad Asiab Khattak, was killed in a terrorist incident in North Waziristan and later buried with military honors in Mianwali.","https://www.facebook.com/share/p/1DCyUSvvmA/"
